id	_vascanTaxonID	_languageName	vernacularName
1	7159	English	balsam fir
1	7159	French	sapin baumier
1	7159	Cree	pikew-ahtik
1	7159	Cree	nupukasik
1	7159	Cree	pīkowāhtik
1	7159	Cree	napakāsīt
1	7159	Cree	nāpukasītuk
1	7159	Cree	nāpukasī
1	7159	Malecite	sta'kwin
1	7159	Ojibwa	a'ninandak'
1	7159	Ojibwa	ini'nandŏk
1	7159	Ojibwa	ne-naig-wah-dayg
1	7159	Ojibwa	jîngo'b
1	7159	Abenaki	kokôkwank
1	7159	Atikamekw	cigubi
1	7159	Atikamekw	irimucit
1	7159	Innu	ilnasht
1	7159	Innu	innâsht
2	7162	English	subalpine fir
2	7162	French	sapin subalpin
2	7162	Dene	tsutsi
3	9206	English	box elder
3	9206	French	érable négondo
3	9206	French	érable à Giguère
3	9206	Ojibwa	adjagobi'mûk
4	9207	English	black maple
4	9207	French	érable noir
4	9207	Ojibwa	ishig'omeaush'
5		English	moosewood
5		English	striped maple
5		French	érable de Pennsylvanie
5		French	bois barré
5		French	bois d'orignal
5		Ojibwa	mōn'zomĭsh'
5		Abenaki	onsé'gakuk
6	9212	English	red maple
6	9212	French	érable rouge
6	9212	Ojibwa	cicigîme'wîc
7	9213	English	silver maple
7	9213	English	soft maple
7	9213	English	
7	9213	French	érable argenté
7	9213	Ojibwa	innīnâ'tik
7	9213	Ojibwa	sigme-winš
8	9214	English	sugar maple
8	9214	French	érable à sucre
8	9214	Ojibwa	a'nina'tĭg
9	9215	English	mountain maple
9	9215	French	érable à épis
9	9215	Malecite	malsuna'u
9	9215	Ojibwa	cacagobi'mûk
9	9215	Atikamekw	webanatuk
10	2768	English	yarrow
10	2768	English	milfoil
10	2768	French	achillée millefeuille
10	2768	French	herbe à dindes
10	2768	Cree	wapunewusk
10	2768	Cree	wapanowask
10	2768	Cree	wapānaskiy(h)k
10	2768	Cree	astēskotawān
10	2768	Cree	astawēskōtawan
10	2768	Cree	miskigonimaski
10	2768	Cree	oskānīmaskīgī
10	2768	Cree	osgunīmasgigah
10	2768	Cree	wīpōwānīwisikwān
10	2768	Cree	kāwāpistikwānīkāpawik
10	2768	Cree	āmowask
10	2768	Chipewyan	t'a'nchaydelgai
10	2768	Malecite	sa'pagol
10	2768	Ojibwa	a'djidamo'wano
10	2768	Ojibwa	adjidamo'anûk
10	2768	Abenaki	namahiba'go
10	2768	Atikamekw	teskwemaskiki
10	2768	Montagnais	kâuâpishtukuâniâshiti tshishiteu-nîpîsha
10	2768	Dene	at''àn dagàii
11	10240	English	boreal yarrow
11	10240	English	Siberian yarrow
11	10240	French	achillée laineuse
11	10240	Dene	at''àn dagàu
12	2765	English	western yarrow
12	2765	French	achillée laineuse
12	2765	Cree	wīcipōwānīwistikwān
12	2765	Cree	kāwāpistikwānīkāpawik
12	2765	Ojibwa	wa'bîgwûn
13		English	Siberian yarrow
13		French	achillée de Sibérie
13		Cree	wīcipōwānīwistikwān
13		Cree	kāwāpistikwānīkāpawik
13		Cree	āmowask
14	22315	English	Alaska wild rhubarb
14	22315	Dene	renouée d'Alaska (Fr.)ts'u gyùu
15	2432	English	American sweetflag
15	2432	French	acore d'Amérique
16	2433	English	sweet flag
16	2433	French	acorus roseau
16	2433	French	belle-angélique
16	2433	Chippewa	wika
16	2433	Cree	wachuskomechiwin
16	2433	Cree	wachuskowmiytsuwin
16	2433	Cree	wacaskōmīcowin
16	2433	Cree	wacaskwatapih
16	2433	Cree	wiy(h)kiyuw
16	2433	Cree	wihkes
16	2433	Cree	wīhkes
16	2433	Cree	wihkis
16	2433	Chipewyan	dzëñni
16	2433	Malecite	kiuhu'ziwazas
16	2433	Ojibwa	wiikansh
16	2433	Ojibwa	na'bûgûck
16	2433	Ojibwa	wikĕn'
16	2433	Ojibwa	na'bugûck'
16	2433	Abenaki	môskwas'wask
17	8409	English	white baneberry
17	8409	French	actée à gros pédicelles
17	8409	Ojibwa	wapkadak
18	19498	English	cohosh root
18	19498	French	cimicaire à grappes
19	8412	English	red baneberry
19	8412	French	actée rouge
19	8412	French	poison de couleuvre
19	8412	Cree	maskōminānātik
19	8412	Ojibwa	odzī'bĭkĕns'
19	8412	Ojibwa	wi'cosidji'bĭk
19	8412	Ojibwa	wîckobidji'bîk
20	8382	English	maidenhair fern
20	8382	French	adiante pédalé
20	8382	French	capillaire du Canada
21	6351	English	giant hyssop
21	6351	French	agastache fenouil
21	6351	Cree	kā-wīkīpakahk
21	6351	Ojibwa	weza'wûnûckwûk'
22	8601	English	agrimony
22	8601	French	aigremoine à sépales crochus
22	8601	Ojibwa	saga'tîgans
23	9398	English	unicorn root
23	9398	English	colicroot
23	9398	French	alétris farineux
24	9875	English	broad-leaved water plantain
24	9875	French	alisma commun
24	9875	Cree	mitīhīmaskīhkīh
25	2490	English	wild onion
25	2490	French	ail étoilé
25	2490	Ojibwa	mûckode'cigaga'wûnj
26	2493	English	wild leek
26	2493	French	ail des bois
26	2493	Ojibwa	siga'gawûnj'
27	3675	English	speckled alder
27	3675	English	mountain alder
27	3675	French	aulne rugueux
27	3675	Ojibwa	wadûb'
27	3675	Ojibwa	wado'bîn
27	3675	Abenaki	mithkwatō(h)spī
27	3675	Abenaki	atōspī
27	3675	Abenaki	oto'pé
27	3675	Abenaki	wdopi
27	3675	Montagnais	atûshpî
28	3679	English	red alder
28	3679	French	aulne rouge
29	803	English	alder
29	803	French	aulne
30	3682	English	green alder
30	3682	Cree	atōspīah
30	3682	Cree	atōsbīah
30	3682	Cree	atōspī
30	3682	Cree	māthatōspī
30	3682	Cree	mithkwatōspi
30	3682	Cree	miskwatōspi
30	3682	Cree	mihkwatōspi
31	3681	English	green alder
31	3681	French	aulne crispé
31	3681	Chipewyan	k'áilisën
31	3681	Cree	māthatō(h)spī
31	3681	Montagnais	shakâu tshîtshue
31	3681	Dene	k'oh
32		English	fly agaric
32		French	amanite tue-mouche
33	8617	English	Saskatoon serviceberry
33	8617	English	juneberry
33	8617	French	amélanchier à feuilles d'aulne
33	8617	French	petites poires
33	8617	Cree	misaskatoomena
33	8617	Cree	misakwatōminatik
33	8617	Cree	msāskwatuwmin
33	8617	Cree	saskwatoomina
33	8617	Cree	saskwatōmin
33	8617	Dene	k'ęàjie
34	8619	English	Bartram's shadbush
34	8619	French	amélanchier
34	8619	French	de Bartram
34	8619	Montagnais	atûminânakashî
35	8620	English	shadbush
35	8620	English	serviceberry
35	8620	French	amélanchier du Canada
35	8620	Ojibwa	gizigwa'komĭnaga'wûnj
36	8622	English	smooth juneberry
36	8622	English	glabrous shadbush
36	8622	English	
36	8622	French	amélanchier glabre
36	8622	French	petites poires
36	8622	Ojibwa	goziga'gominaga'wûnj
37	5620	English	leadplant
37	5620	French	faux indigo
37	5620	Ojibwa	we'abŏnag'kak
38	16140	English	hogpeanut
38	16140	French	amphicarpe bractéolée
39	2797	English	pearly overlasting
39	2797	French	anaphale marguerite
39	2797	French	immortelle
39	2797	Ojibwa	wa'bigwûn
39	2797	Ojibwa	basi'bagûk
39	2797	Atikamekw	kawapukanik
40	5486	English	glaucous-leaved bog rosemary
40	5486	French	andromède glauque
40	5486	Cree	kakouboushk
41	7401	English	northern fairy-candelabra
41	7401	French	androsace septentrionale
42	8349	English	big bluestem
42	8349	French	barbon de Gérard
42	8349	Ojibwa	mûckode'kanĕs
43	8419	English	Canadian anemone
43	8419	French	anémone du Canada
43	8419	Ojibwa	wabesgung
43	8419	Ojibwa	mîdewidji'bîk
44	8420	English	thimble-weed
44	8420	French	anémone cylindrique
44	8420	Ojibwa	gande gwa'sonînke'
45	8426	English	wind-flower
45	8426	French	anémone multifide
46	822	English	anemone
46	822	French	anémone
46	822	Ojibwa	wisŏg'ibŏk'
47	2813	English	lesser cat's-foot
47	2813	French	antennaire néodioïque
47	2813	French	immortelle
47	2813	Ojibwa	gagîge'bûg
48	2823	English	lesser pussytoes
48	2823	French	antennaire négligée
48	2823	Ojibwa	gagîge'bûg
49	2828	English	woman's tobacco
49	2828	French	antennaire à feuilles de plantain
50	2659	English	spreading dogbane
50	2659	French	apocyn à feuilles d'androsème
50	2659	French	herbe à puce
50	2659	French	gobe-mouches
50	2659	Cree	tōtōsāpowask
50	2659	Ojibwa	ma'kwona'gĭc odji'bĭk
50	2659	Ojibwa	wesa'wûckwûn
50	2659	Ojibwa	sasa'bikwan
51	2662	English	Indian hemp
51	2662	French	apocyn chanvrin
52	8444	English	wild columbine
52	8444	French	ancolie du Canada
53	2683	English	bristly sarsaparilla
53	2683	English	dwarf-elder
53	2683	French	aralie hispide
53	2683	French	salsepareille
53	2683	Montagnais	nishitshikâta
54	2684	English	wild sarsaparilla
54	2684	French	aralie à tige nue
54	2684	French	salsepareille
54	2684	Ojibwa	ba-gwa-nan
54	2684	Ojibwa	wabos'odji'bĭk
54	2684	Ojibwa	bebamabi'k
54	2684	Cree	wāposōcēpīhk
54	2684	Cree	wāposocīpihk
54	2684	Cree	wāpōsogībī
54	2684	Chipewyan	gajíé
54	2684	Atikamekw	wapacak
54	2684	Abenaki	saçat'sek
54	2684	Abenaki	sasôgsek
55	2686	English	spikenard
55	2686	English	petty morel
55	2686	English	life-of-man
55	2686	French	aralie à grappes
55	2686	French	grande salsepareille
55	2686	French	anis sauvage
55	2686	Ojibwa	či-kadak
55	2686	Ojibwa	o'kadak'
55	2686	Malecite	skidjinawi'widjp'k'
56	2847	English	burdock
56	2847	French	bardane majeure
57	2848	English	burdock
57	2848	French	bardane mineure
57	2848	Ojibwa	wi'sûgibûg'
57	2848	Ojibwa	gi'masan
57	2848	Ojibwa	wi'sûgibûg
57	2848	Abenaki	saga'dabohag
57	2848	Abenaki	oné'bag
58	15868	English	alpine bearberry
58	15868	French	busserole alpine
58	15868	Ojibwa	sah-gah-go-me-nah-gah-shen
58	15868	Ojibwa	bi-gwa-dji-mi-squa-bimag
59	5492	English	bearberry
59	5492	French	raisin d'ours
59	5492	Algonquian	kinnikinnick
59	5492	Cree	āchiygasipuk
59	5492	Cree	muskimina
59	5492	Cree	muskominanatik
59	5492	Cree	pithīkōmin
59	5492	Cree	kinnikinick
59	5492	Chipewyan	dé(lh)ni
59	5492	Ojibwa	saga'komĭnagûnj'
59	5492	Ojibwa	me-squah-be-mag
60	2674	English	Indian turnip
60	2674	English	jack-in-the-pulpit
60	2674	French	petit prêcheur
60	2674	Malecite	pogdjinsgwewiwazis
60	2674	Mi'kmaq	sag-a-ba
60	2674	Ojibwa	caca'gomîn
61		English	virginia snake-root
61		French	serpentaire de Virginie
62	2853	English	alpine arnica
62	2853	French	arnica à feuilles étroites
62	2853	Dene	at'an tsoo
63	2878	English	wormwood
63	2878	French	armoise absinthe
63	2878	Ojibwa	muse'odji'bĭk
64	2885	English	field sagewort
64	2885	French	armoise rouge
64	2885	French	aurone sauvage
64	2885	Chipewyan	denek'áze'eya(ha)naidíé
65	2890	English	fuzzy weed
65	2890	English	dragon wormwood
65	2890	French	estragon
65	2890	Ojibwa	ba'sibûgûk'
65	2890	Ojibwa	o'gima'wûck
66	2891	English	prairie sagebrush
66	2891	English	wild sage
66	2891	English	pasture sage
66	2891	English	fringed sagewort
66	2891	French	armoise douce
66	2891	Cree	mostosowehkuskwa
66	2891	Cree	moostooswehkuskwa
66	2891	Cree	mōstōsowīkask
66	2891	Ojibwa	bi'jikiwĭn'gûck
67	2902	English	white mugwort
67	2902	French	armoise de Louisiane
67	2902	Ojibwa	nokwe'jigûn
68	2905	English	mountain sagewort
68	2905	English	arctic wormwood
68	2905	French	armoise saxatile
69	2912	English	Tilesius wormwood
69	2912	French	armoise de Tilesius
69	2912	Dene	gyùu tsanh
70	2698	English	wild ginger
70	2698	French	asaret du Canada
70	2698	French	gingembre sauvage
70	2698	Malecite	dagmigwe-al
70	2698	Ojibwa	agabwen
70	2698	Ojibwa	name'pîn
70	2698	Abenaki	alna'badipwa'beule
71	2711	English	milkweed
71	2711	French	asclépiade commune
71	2711	French	petits cochons
71	2711	Ojibwa	inĭ'nĭwûnj
71	2711	Ojibwa	cabo'sîkûn
72	2713	English	butterfly milkweed
72	2713	English	pleurisy root
72	2713	French	asclépiade tubéreuse
73		English	shield fern
73		French	dryoptère à crêtes
73		Ojibwa	ana'ganûck
74	5633	English	American milk-vetch
74	5633	English	rattle-pod
74	5633	French	astragale d'Amérique
74	5633	Cree	kāsīsīkwānīpathisihk
75	5650	English	ground plum
75	5650	French	astragale graines-de-boeuf
75	5650	Ojibwa	bi'jikiwi'bûgesan
76	5373	English	common ladyfern
76	5373	French	athyrium fougère-femelle
76	5373	Ojibwa	a'sawan
76	5373	Ojibwa	ana'ganûck
77	5698	English	black root
77	5698	English	wild indigo
77	5698	French	baptisie des teinturiers
77	5698	Cree	chepatakwawutupe
78	3667	English	barberry
78	3667	French	berbéris vulgaire
78	3667	French	épine-vinette
79	3685	English	yellow birch
79	3685	French	bouleau jaune
79	3685	French	merisier
79	3685	Innu	wilen
80	3687	English	glandular birch
80	3687	English	dwarf birch
80	3687	French	bouleau glanduleux
80	3687	Dene	huu t'an
80	3687	Chipewyan	ínt'ánbandhaze
81	3689	English	black birch
81	3689	French	bouleau flexible
81	3689	French	merisier rouge
81	3689		winsik
81	3689		kade-wigwas
82	3693	English	bog birch
82	3693	English	dwarf birch
82	3693	English	glandular birch
82	3693	French	boleau nain
82	3693	French	bouleau de savane
83	3692	English	dwafr birch
83	3692	French	bouleau grêle
83	3692	Ojibwa	wi'umis'sik
84	3695	English	Alaska paper birch
84	3695	English	white birch
84	3695	French	bouleau d'Alaska
84	3695	Chipewyan	k'i
85		English	black birch
85		French	bouleau noir
86	3697	English	paper birch
86	3697	English	white birch
86	3697	French	bouleau à papier
86	3697	French	bouleau blanc
86	3697	Cree	wuskwi-atik
86	3697	Cree	wāskwayahtik
86	3697	Cree	wasgwah
86	3697	Cree	waskwaha
86	3697	Cree	wāskwāh
86	3697	Cree	waskway
86	3697	Cree	owkimawa(h)tik
86	3697	Chipewyan	k'i
86	3697	Malecite	maskwe'nos
86	3697	Ojibwa	wi'gwasa'tĭg
86	3697	Montagnais	uâshkuai
86	3697	Dene	aat'oo
86	3697	Dene	k' i
87	3701	English	downy birch
87	3701	French	bouleau pubescent
87	3701	Cree	wuskwi
87	3701	Ojibwa	wîgwas
88	3703	English	low birch
88	3703	French	bouleau glandulifère
88	3703	Ojibwa	bîne'mîcins
88	3703	Chipewyan	ínt'ánbandhaze
89	6973	English	northern groundcone
89	6973	French	boschniakie de Russie
89	6973	Dene	du'iinahshèe
90	3868	English	rattlesnake fern
90	3868	English	Virginia grape fern
90	3868	French	botryche de Virginie
90	3868	Ojibwa	ozaga'tigŭm
90	3868	Ojibwa	gîckênsîne'namûkûk
91	911	English	mustard
92	2677	English	water arum
92	2677	French	calla des marais
92	2677	Cree	ōcicākokātask
92	2677	Montagnais	ûshteshu
93	8452	English	marsh marigold
93	8452	French	populage des marais
93	8452	Ojibwa	o'git'bûg
93	8452	Ojibwa	mingde-beguk
94		English	giant puffball
94		French	vesse-de-loup crâniforme
94		Ojibwa	oskwe'tûk
95	4171	English	harebell
95	4171	English	bluebell
95	4171	French	campanule à feuilles rondes
95	4171	Cree	kuskwasonapiskos
95	4171	Cree	sewayonakunis
95	4171	Cree	mitīhīmaskīhkīh
95	4171	Chipewyan	degaimaribet'ánchayé
95	4171	Ojibwa	mekminswan
95	4171	Ojibwa	zi'gĭnĭ'ce
95	4171	Ojibwa	adota'gons
96	3943	English	shepherd's purse
96	3943	French	capselle bourse-à-pasteur
96	3943	Ojibwa	ĭ'ckode'wadji'bĭk
97	3951	English	toothwort
97	3951	English	pepper-root
97	3951	French	dentaire à deux feuilles
97	3951	French	snicroûte
97	3951	French	carcajou
97	3951	Malecite	ka'djiwuk
98	4742	English	sedge
98	4742	French	carex aquatique
98	4742	Chipewyan	tlh'oghtsëné
99	2551	English	caraway
99	2551	French	carvi commun
99	2551	French	anis
99	2551	French	
99	2551	Cree	sīcisis
99	2551	Cree	iskotawutupe
100	6235	English	bitternut hickory
100	6235	French	caryer cordiforme
100	6235	French	noyer amer
101	6237	English	shellbark hickory
101	6237	French	caryer lacinié
102	6239	English	shagbark hickory
102	6239	French	caryer ovale
102	6239	French	noyer tendre
103	6981	English	scarlet paintbrush
103	6981	English	Indian paintbrush
103	6981	French	castilléjie écarlate
103	6981	Ojibwa	wĭnabojo'noko'mĭs wi'nĭzĭsûn'
104	6991	English	great red paintbrush
104	6991	English	Indian paintbrush
104	6991	English	painted-cup
104	6991	French	castilléjie rougeâtre
105	3670	English	blue cohosh
105	3670	French	caulophylle faux-pigamon
105	3670	Cree	iskwawutupe
105	3670	Ojibwa	be'cigodji'bigûk
105	3670	Ojibwa	oci'gîmîc
106	8587	English	New Jersey tea
106	8587	French	céanothus d'Amérique
106	8587	Ojibwa	kadegimnedu
106	8587	Ojibwa	konjibik
107	8588	English	New Jersey tea
107	8588	French	céanothus à feuilles ovées
107	8588	Ojibwa	odiga'dimanido'
108	4449	English	bitter-sweet
108	4449	French	célastre grimpant
108	4449	French	bourreau des arbres
108	4449	Ojibwa	bima'kwûd
108	4449	Ojibwa	manîdobima'kwit
109		English	lichen
109		French	lichen d'Islande
110		English	white cedar
110		French	cèdre blanc de l'Atlantique
110		Ojibwa	gī'zhik
111	5504	English	leatherleaf
111	5504	French	faux bleuet
111	5504	French	cassandre caliculé
111	5504	Montagnais	matshikîsha
112	6740	English	fireweed
112	6740	English	willow herb
112	6740	French	épilobe à feuilles étroites
112	6740	French	bouquets rouges
112	6740	Cree	hapaskwa
112	6740	Cree	askapask
112	6740	Cree	athkāpask
112	6740	Cree	ākāpuskwah
112	6740	Cree	liy(h)kāpusk
112	6740	Ojibwa	oja'cidji'bĭk
112	6740	Atikamekw	kapamastak
112	6740	Dene	tlitl'echi
112	6740	Chipewyan	góndhi'elé
113	6744	English	river beauty
113	6744	English	dwarf fireweed
113	6744	French	épilobe à feuilles larges
113	6744	Dene	tlitl'echi
114	7220	English	white turtle head
114	7220	French	tête de tortue
114	7220	French	galane glâbre
114	7220	Malecite	athozis wiwsnia'ginol
115	4493	English	lamb's quarters
115	4493	French	chénopode blanc
115	4493	French	chou gras
115	4493	Cree	wīthiniwpakwātik
116	14747	English	American wormseed
116	14747	French	chénopode fausse-ambroisie
117	5508	English	prince's pine
117	5508	English	pipsissewa
117	5508	French	chimaphile à ombelles
117	5508	French	herbe à peigne
117	5508	Cree	amiskwāthōwipak
117	5508	Malecite	k'agegiga'kil
117	5508	Ojibwa	yaskopteg
117	5508	Ojibwa	ga'gîge'bûg
117	5508	Abenaki	jabak
118	2557	English	Douglas' water-hemlock
118	2557	English	western water-hemlock
118	2557	French	cicutaire pourpre
119	2559	English	waterhemlock
119	2559	French	cicutaire maculée
119	2559	French	carotte à Moreau
119	2559	Cree	maciskatask
119	2559	Ojibwa	apagwasî'gons
120	2988	English	Canada thistle
120	2988	French	chardon des champs
120	2988	Cree	kaminakuse
120	2988	Cree	kaweminukuse
120	2988	Ojibwa	masa'nûck
120	2988	Abenaki	kon'hizak
121	2990	English	common thistle
121	2990	French	chardon discolore
121	2990	Cree	kee-poo-cus-i-cun
122	999	English	thistle
122	999	French	chardon
122	999	Ojibwa	ma'zana'tĭg
123	3006	English	common thistle
123	3006	French	chardon vulgaire
123	3006	French	piqueux
123	3006	Ojibwa	ji'masa'nûck
124		English	reindeer lichen
124		French	lichen à caribou
124		French	mousse à caribou
124		Cree	wāpiskastaskamihk
124		Cree	atikōmīciwin
125		English	greygreen reindeer lichen
125		French	lichen à caribou
125		French	mousse à caribou
125		Cree	whapskumuk
125		Cree	epshatuk
126	6513	English	corn-lily
126	6513	English	bluebead lily
126	6513	French	clintonie boréale
126	6513	Ojibwa	gînose'wîbûg
126	6513	Atikamekw	sestedomanuk
126	6513	Atikamekw	skaskataminask
126	6513	Montagnais	tshîtshue atâpukuat
127	6514	English	single-flowered clintonia
127	6514	English	Queens cup
127	6514	English	bride's bonnet
127	6514	French	clintonie uniflore
128	8643	English	marsh five-finger
128	8643	French	potentille palustre
128	8643	Ojibwa	beba'akwûndek
128	8643	Ojibwa	bĭne'bûg
129	6678	English	sweet fern
129	6678	English	ant wood
129	6678	French	comptonie voyageuse
129	6678	Chippewa	kba'agne-mins
129	6678	Malecite	eninigsomo'zil
129	6678	Ojibwa	kba'agne-minš
129	6678	Ojibwa	gibaime'nûna'gwûs
130	2564	English	Chinese hemlockparsley
130	2564	French	coniosélinum de Genesee
131	8471	English	golden thread
131	8471	French	coptide du Groenland
131	8471	French	savoyane
131	8471	Malecite	wizauke'skil
131	8471	Montagnais/Innu	wi'ca'uckomuk
131	8471	Montagnais/Innu	uîshakâshkamuku
131	8471	Abenaki	wijô'wapap'kôs
131	8471	Atikamekw	osawskamikwapi
131	8471	Ojibwa	wesa wa'nikwe'ak
131	8471	Ojibwa	oza'widji'bĭg
132	4641	English	dogwood
132	4641	French	cornouiller à feuilles alternes
132	4641	Ojibwa	muns-mins
132	4641	Ojibwa	moso'mîc
132	4641	Ojibwa	muj'omĭj'
133	4644	English	bunch berry
133	4644	English	dogwood
133	4644	English	dwarf cornel
133	4644	English	pigeonberry
133	4644	French	cornouiller du Canada
133	4644	French	quatre-temps
133	4644	French	rougets
133	4644	Ojibwa	ode'imînîdji'bîk
133	4644	Abenaki	patkéna'houk
133	4644	Atikamekw	saguminan
133	4644	Montagnais	shâshâkuminânakashî
133	4644	Innu	nekutsahemen
134	4646	English	flowering dogwood
134	4646	French	cornouiller fleuri
134	4646	Chippewa	nemwatik
135		English	stiff dogwood
136	14857	English	panicled dogwood
136	14857	French	cornouiller à grappes
136	14857	Ojibwa	meskwabi'mîc
137		English	red-osier dogwood
137		English	red willow
137		French	cornouiller stolonifère
137		French	hart rouge
137		Cree	mehkwa pemakwa
137		Cree	mikwapamuk
137		Cree	mīhkwa pēmakwa
137		Cree	mīkōbīmāka
137		Cree	mikwanbimaka
137		Cree	mikwapimakwah
137		Cree	mithkwāpīmak
137		Cree	miskwāpīmak
137		Cree	mi(h)kwapiymak
137		Cree	mikwa piskaw
137		Cree	nipsiy wasaskwetow
137		Cree	pīmīhkwāhtik
137		Cree	mīhkwanīpisīya
137		Cree	mikobimuk
137		Chipewyan	k'áik'ozé
137		Ojibwa	meskwabi-mins
137		Ojibwa	mĭs'kwabi'mĭc
137		Malecite	nespipam'k'
137		Abenaki	mamkawa'kousek
137		Montagnais	mîkuâpemuku
138	1037	English	willow
138	1037	English	dogwood
138	1037	French	cornouiller
139	7091	English	golden corydalis
139	7091	French	corydale dorée
139	7091	Ojibwa	tîpotîe'kwason
140	3721	English	American hazelnut
140	3721	French	noisetier d'Amérique
140	3721	Ojibwa	mûkwobaga'nak
141	3724	English	beaked hazelnut
141	3724	French	noisetier à long bec
141	3724	Ojibwa	bagan'
141	3724	Ojibwa	baga'nak
141	3724	Atikamekw	pakanatuk
142	1047	English	hawthorn
142	1047	French	aubépine
142	1047	Chippewa	minesgan-wins
142	1047	Chippewa	mînesaga'wûnj
143		English	squash
143		French	courge
143		Ojibwa	ogwîssi'maun o'wasokwûne'k
144	3761	English	hound's tongue
144	3761	French	cynoglosse boréal
144	3761	Ojibwa	masa'n
145	6854	English	lady'slipper
145	6854	English	moccasin flower
145	6854	English	nerve root
145	6854	French	cypripède acaule
145	6854	French	sabot de la vierge
145	6854	Atikamekw	kamidjetotapi
145	6854	Ojibwa	ago'biso'wĭn
146	6861	English	ladyslipper
146	6861	French	cypripède jaune
146	6861	Ojibwa	ma'kasîn
147	6864	English	showy lady's slipper
147	6864	French	cypripède royal
148	6842	English	rein orchis
148	6842	French	habénaire à longues bractées
148	6842	Ojibwa	goko'cgûnda mînêskwe'mîn
149	5714	English	purple prairie-clover
149	5714	French	dalée violette
149	5714	Ojibwa	ba'sibûgûk'
150	20022	English	shrubby cinquefoil
150	20022	French	potentille frutescente
151	8481	English	tall larkspur
151	8481	French	pied-d'alouette glauque
152	4199	English	bush honeysuckle
152	4199	French	dièreville chèvrefeuille
152	4199	French	herbe bleue
152	4199	Ojibwa	wežauškwagmik
152	4199	Ojibwa	osawa'skanet
152	4199	Cree	maskōcīpihk
152	4199	Atikamekw	asasunatuk
153	9413	English	moosewood
153	9413	English	leatherwood
153	9413	English	wicopy
153	9413	English	rope-bark
153	9413	French	dirca des marais
153	9413	French	bois de plomb
153	9413	Ojibwa	djibe'gûb
154	5387	English	spinulose shield fern
154	5387	French	dryoptère spinuleuse
154	5387	Cree	ku(h)kuguwpuk
155	5391	English	spreading wood fern
155	5391	French	dryoptère dressée
156	5400	English	marginal shield fern
156	5400	French	dryoptère à sores marginaux
156	5400	French	dryoptéride marginale
157	1112	English	fern
157	1112	French	dryoptère
157	1112	French	dryoptéride
157	1112	Montagnais	uîshakâtshâkuat
158	4696	English	wild balsam-apple
158	4696	French	échinocystis lobé
158	4696	French	concombre sauvage
158	4696	Ojibwa	nîgîtîni'gûnûk
159		English	Indian paint fungus
159		Cree	meah-kis-igun
160	5514	English	crowberry
160	5514	English	curlewberry
160	5514	French	camarine noire
160	5514	French	graines noires
160	5514	Cree	askīmināsiht
160	5514	Cree	ebshjimend
160	5514	Dene	dineech'ùh
161	5516	English	trailing arbutus
161	5516	English	mayflower
161	5516	French	épigée rampante
161	5516	French	fleur de mai
162	5466	English	horsetail
162	5466	French	prêle des champs
162	5466	French	queue de renard
162	5466	Cree	mistatimosoy
162	5466	Cree	okotāwask
162	5466	Cree	enskowusk
162	5466	Cree	kiychiwiykusk
162	5466	Ojibwa	jasibonskok
162	5466	Ojibwa	gîji'bînûsk
162	5466	Dene	kheh dyè'
163	5469	English	scouring rush
163	5469	English	horsetail
163	5469	French	prêle d'hiver
163	5469	Ojibwa	gijib'inûskon'
164	5471	English	marsh horsetail
164	5471	French	prêle des marais
165	5472	English	common horsetail
165	5472	French	prêle des prés
165	5472	Ojibwa	wishgobidjibik
166	5474	English	horsetail
166	5474	French	prêle des bois
166	5474	Cree	mistatimosoy
166	5474	Cree	okotāwask
166	5474	Cree	enskowusk
166	5474	Cree	kiychiwiykusk
166	5474	Ojibwa	siba'mûckûn
167	3010	English	Canadian horseweed
167	3010	French	érigéron du Canada
167	3010	Ojibwa	gababi'kwûna'tĭg
168	3112	English	Philadelphia fleabane
168	3112	French	érigéron de Philadelphie
168	3112	Ojibwa	mîcaogacan
169	1149	English	Canada fleabane
170	3127	English	daisy fleahane
170	3127	French	érigéron hispide
170	3127	Ojibwa	nokwe'sîgûn
171	1152	English	cotton grass
171	1152	French	linaigrette
172	2575	English	button snakeroot
172	2575	French	panicaut aquatique
173	4043	English	wormseed mustard
173	4043	French	vélar giroflée
173	4043	French	herbe au chantre
173	4043	Ojibwa	o'zawa'bigwûn
174	23325	English	joe-pye-weed
174	23325	French	eupatoire maculée
174	23325	Ojibwa	me'skwana'k bû'giso'wĭn
175	3144	English	thoroughwort
175	3144	English	common boneset
175	3144	French	eupatoire perfoliée
175	3144	French	herbe à souder
175	3144	Ojibwa	siabuksing
175	3144	Ojibwa	sasabwaksing
175	3144	Ojibwa	niya'wibûkûk'
175	3144	Abenaki	maladag'kwinbisoun
176	23326	English	joe-pye weed
176	23326	French	eupatoire pourpre
176	23326	Ojibwa	biaskagemesek
177	5603	English	flowering spurge
177	5603	French	euphorbe pétaloïde
177	5603	Ojibwa	cabosî'kûn
177	5603	Ojibwa	
178	1164	English	spurge
178	1164	French	euphorbe
179	3149	English	large-leaved aster
179	3149	French	aster à grandes feuilles
179	3149	French	pétouane
179	3149	Ojibwa	naskosi'îcûs
180	3157	English	grass leaf goldenrod
180	3157	French	verge d'or graminifoliée
180	3157	Ojibwa	wasa'waskwûne'k
181		English	spruce moss
181		Chipewyan	k'itsanjú
182	5957	English	beech
182	5957	French	hêtre à grandes feuilles
182	5957	Ojibwa	šewe-minš
182	5957	Malecite	miki'kwimus
183		English	tinder fungus
183		French	amadouvier
183		Cree	wāsāsukwītwī
183		Cree	wāsaskwītoy
183		Cree	posākan
184		English	agarikon
184		French	polypore officinal
184		Cree	wah-pah-toos
185		French	polypore marginé
185		French	amadouvier des pins
185		Cree	mech-quah-too
186	8756	English	woodland strawberry
186	8756	French	fraisier
187	8757	English	wild strawberry
187	8757	French	fraisier des champs
187	8757	Ojibwa	ode'imĭnĭdji'bĭk
187	8757	Cree	otehimina
187	8757	Cree	otīhīminah
187	8757	Cree	okdeamena
187	8757	Cree	owtiyhiymin
187	8757	Cree	otīhīminipukwah
188	8758	English	smooth wild strawberry
188	8758	English	Virginia strawberry
188	8758	French	fraisier glauque
189	6726	English	yellow ash
189	6726	French	frêne d'Amérique
189	6726	French	frêne blanc
189	6726	Abenaki	ôgmakw
190	6729	English	black or water ash
190	6729	French	frêne noir
190	6729	French	frêne gras
190	6729	Ojibwa	a'gimak'
191	6730	English	red ash
191	6730	French	frêne de Pennsylvanie
191	6730	French	frêne rouge
191	6730	Ojibwa	a'gîma'k
192	1183	English	ash
192	1183	French	frêne
192	1183	Ojibwa	a'gimak'
193	6376	English	hemp nettle
193	6376	French	galéopside à tige carrée
193	6376	Cree	amisko wehkuswa
194	8995	English	goose grass
194	8995	French	gaillet gratteron
194	8995	Ojibwa	sakate'bwi
195	8998	English	northern bedstraw
195	8998	French	gaillet boréal
196	9020	English	small cleaver
196	9020	French	gaillet des teinturiers
196	9020	Ojibwa	waboskîki'mînûn
197	9023	English	small bedstraw
197	9023	French	gaillet trifide
197	9023	Ojibwa	Ojîbwe'owe'cûwûn
198	5517	English	creeping snowberry
198	5517	English	moxieplum
198	5517	French	petit thé
198	5517	Ojibwa	wabos'obûgons'
199	5520	English	teaberry
199	5520	English	checkerberry
199	5520	English	wintergreen
199	5520	French	thé des bois
199	5520	French	gaulthérie couchée
199	5520	Innu	pileuminan
199	5520	Atikamekw	pirebow
199	5520	Ojibwa	winsibog
199	5520	Ojibwa	wînîsi'bûgûd
200	9197	English	northern comandra
200	9197	English	false toadflax
200	9197	French	comandre livide
200	9197	Chipewyan	sasjie
201	6042	English	wild geranium
201	6042	English	cranesbill
201	6042	French	géranium maculé
201	6042	Ojibwa	be'cigodji'bigûk
201	6042	Ojibwa	pesigunk
201	6042	Ojibwa	o'sawaskwîni's
202	8763	English	Alep avens
202	8763	French	benoîte d'Alep
202	8763	Malecite	makwanimiga'kil
202	8763	Cree	kākwīthitamōwask
202	8763	Ojibwa	ne'bone'ankwe'âk
203	8765	English	white avens
203	8765	English	Canada avens
203	8765	French	benoîte du Canada
204	8769	English	large-leaved avens
204	8769	French	benoîte à grande feuilles
204	8769	Cree	kākwīthitamōwask
204	8769	Cree	saw-gee-too-wusk
204	8769	Ojibwa	wica'wasa'konek
205	8772	English	water avens
205	8772	English	chocolate root
205	8772	French	benoîte des ruisseaux
205	8772	Cree	kinipagwusk
205	8772	Malecite	egwitkil
205	8772	Atikamekw	mikotcepik
206	8775	English	prairie smoke
206	8775	French	benoîte à trois fleurs
206	8775	Ojibwa	ne'baneya'nekweäg'
207	7695	English	rattlesnake grass
207	7695	English	Canada managrass
207	7695	French	glycérie du Canada
207	7695	Ojibwa	anagon'wûck
208	1215	French	gnaphale
209	3182	English	curly-cup gumweed
209	3182	French	herbe à gomme commune
209	3182	Cree	kāpasakwāk maskīhkīh
209	3182	Cree	kah pus kun askik
210	5413	English	oak fern
210	5413	French	dryoptéride disjointe
211	5414	English	western oak fern
211	5414	French	gymnocarpe du chêne
211	5414	Atikamekw	oraganiockokuk
212	6110	English	witch hazel
212	6110	French	hamamélis de Virginie
212	6110	French	café du diable
212	6110	Ojibwa	nsakemižins
213	5736	English	alpine hedysarum
213	5736	English	bear root
213	5736	English	Indian carrots
213	5736	French	sainfoin alpin
213	5736	Dene	treh
214	3185	English	sneezeweed
214	3185	English	swamp sunflower
214	3185	French	hélénie automnale
214	3185	Cree	cācāmōsikan
215		English	sunflower
215		Ojibwa	pŭkite'wŭkbŏkuns'
216	3211	English	ox-eye-daisy
216	3211	English	false sunflower
216	3211	French	héliopsis faux-hélianthe
216	3211	Ojibwa	gi'zĭso'bûgons'
217	19512	English	hepatica
217	19512	English	American liverleaf
217	19512	French	hépatique d'Amérique
217	19512	Ojibwa	gabisan'ikeäg'
218		English	hepatica
218		French	hépatique trilobée
218		Ojibwa	pne-uzidin
218		Ojibwa	pnen-obogons
219	2583	English	cow parsnip
219	2583	English	indian rhubarb
219	2583	French	berce très grande
219	2583	Cree	pukwanatik
219	2583	Cree	pakwānāhtik
219	2583	Cree	askīskatask
219	2583	Cree	askīwīskātask
219	2583	Cree	ōskātaskwistikwān
219	2583	Cree	piygwanā(h)tik
219	2583	Cree	pick quan ah tick
219	2583	Malecite	sewapo'kil
219	2583	Ojibwa	bi'bîgwe'wûnûck
219	2583	Montagnais	uîpîtakâshku tshîtshue
220	9241	English	Richardson's alumroot
220	9241	French	heuchère de Richardson
220	9241	Cree	pithīkōcīpihk
220	9241	Ojibwa	ciwade'imĭn'ĭbûg
221		English	sweet-grass
221		English	vanilla grass
221		French	hiérochloé odorante
221		French	foin d'odeur
221		French	herbe sainte
221		Cree	wehkuskwa
221		Cree	wekus
222	7725	English	squirrel-tail
222	7725	French	orge agréable
222	7725	Ojibwa	a'djidamo'wano
223	4575	English	ground berry
223	4575	English	woolly hudsonia
223	4575	French	hudsonie tomenteuse
224	4196	English	hop
224	4196	French	houblon commun
224	4196	Ojibwa	jiwî'cgoni'bûg
225	6140	English	eastern waterleaf
225	6140	French	hydrophylle de Virginie
225	6140	Ojibwa	hunkite'wagūŭs'
225	6140	Ojibwa	ne'bîneankwe'ûk
226	14869	English	garden stonecrop
226	14869	English	live-forever
226	14869	French	orpin pourpre
226	14869	Malecite	mediawigagil
227	3249	English	Richardon's bitterweed
227	3249	English	Colorado rubber-plant
227	3249	French	hymenoxys de Richardson
228	6163	English	St. John's wort
228	6163	French	millepertuis commun
229	2668	English	mountain holly
229	2668	French	faux houx
229	2668	French	némopanthe mucroné
229	2668	Ojibwa	mîckimînû'nîmîc
229	2668	Malecite	wudjiga'nimus
229	2668	Montagnais	kâmatshakâshit shakâu
230	2671	English	winterberry
230	2671	French	houx verticillé
230	2671	Ojibwa	awe'nîsibûg
231	3655	English	spotted jewelweed
231	3655	English	Cape touch-me-not
231	3655	French	impatiente du Cap
231	3655	Malecite	pesgide'skil
231	3655	Ojibwa	wesa'wûs ga'skonêk
232	3659	English	pale jewelweed
232	3659	English	pale touch-me-not
232	3659	French	impatiente pâle
233		English	tinder fungus
233		French	polypore oblique
233		Cree	pōsākan
233		Cree	wīsakīchak omīkī
233		Cree	wīsakecak omikīh
234	3253	English	elecampane
234	3253	French	inule aulnée
234	3253	French	elecampane
234	3253	Malecite	minsisimatek
235	6188	English	muskrat
235	6188	English	blue flag
235	6188	English	
235	6188	French	iris versicolore
235	6188	Ojibwa	na'bûkûck
235	6188	Atikamekw	wa-dusk-skwamuk
236	6242	English	butternut
236	6242	French	noyer cendré
236	6242	Malecite	pcgacnmus
237	4702	English	juniper
237	4702	French	genévrier commun
237	4702	French	genièvre
237	4702	Chippewa	kawins
237	4702	Cree	kahkakew-mina
237	4702	Cree	kahkakewatik
237	4702	Cree	ahaseminanatik
237	4702	Cree	kakakìmìniatik
237	4702	Cree	kākākīmīnātik
237	4702	Cree	kākākīwīmināhtik
237	4702	Cree	māsakiys
237	4702	Chipewyan	datsánjíé
237	4702	Malecite	tuna'liguk'
237	4702	Ojibwa	ga'gawan'dagisĭd
237	4702	Montagnais	kâkâtshiminânakashî
237	4702	Dene	deetrèe jàk
238	4705	English	creeping juniper
238	4705	English	rocky mountain juniper
238	4705	French	genévrier horizontal
238	4705	Cree	ahaseminanatik
238	4705	Cree	masekesh
238	4705	Cree	masikeskatik
239	4709	English	red cedar
239	4709	French	genévrier de Virginie
239	4709	Ojibwa	miskwa'wak
240	5529	English	lambkill
240	5529	English	sheep laurel
240	5529	English	
240	5529	French	kalmia à feuilles étroites
240	5529	French	crevard de moutons
240	5529	Malecite	mikwëwa'lwql
240	5529	Atikamekw	wesajebo
240	5529	Abenaki	jabak
240	5529	Cree	uschipikwh
240	5529	Innu	uishetshipuk
240	5529	Innu	uîshatshipukua
241	5530	English	mountain laurel
241	5530	French	kalmia à feuilles larges
242	5533	English	pale bog laurel
242	5533	French	kalmia à feuilles d'andromède
242	5533	Chipewyan	nágodhts'ëlé
243	3262	English	tall lettuce
243	3262	English	blue lettuce
243	3262	French	laitue bisannuelle
243	3262	Ojibwa	dadoca'bo
244	3263	English	wild lettuce
244	3263	English	Canada lettuce
244	3263	French	laitue du Canada
244	3263	Ojibwa	odjici'gomĭn
245	9433	English	wood nettle
245	9433	English	Canada nettle
245	9433	French	laportéa du Canada
245	9433	French	ortie du Canada
245	9433	Ojibwa	masa'natîk
246	3781	English	stickweed
246	3781	French	bardanette
246	3781	Ojibwa	ozaga'tĭgomĕns
247	7166	English	tamarack
247	7166	English	larch
247	7166	French	mélèze laricin
247	7166	French	épinette rouge
247	7166	Cree	wakinakum
247	7166	Cree	wakinakun
247	7166	Cree	wakinākin
247	7166	Cree	wāginagun
247	7166	Cree	waachinaakin
247	7166	Malecite	poka'mus
247	7166	Ojibwa	mŏsh'kīkiwa'dik
247	7166	Ojibwa	mû'ckîgwa'tîg
247	7166	Atikamekw	mackigwatuk
247	7166	Montagnais/Innu	uatshinakan
247	7166	Abenaki	oblanda'gasouk
247	7166	Abenaki	pôbnôdageso
247	7166	Dene	ts'iiteenjùh
247	7166	Dene	diweh
247	7166	Chipewyan	nídhe
248		French	tripes-de-roches
248		Montagnais	uâkuanâpishku
249	5752	English	creamy vetchling
249	5752	English	pale vetchling
249	5752	French	gesse jaunâtre
249	5752	Ojibwa	bûgwa'dj ûk pîni'k mîne'bûg
250	5760	English	veiny vetchling
250	5760	English	wild pea
250	5760	French	gesse veinée
250	5760	Ojibwa	mĭ'nĭsĭno'wûck
251	4071	English	wild peppergrass
251	4071	French	lépidie de Virginie
252	3281	English	ox-eye daisy
252	3281	French	chrysanthème leucanthème
252	3281	French	marguerite
252	3281	Cree	iskwew owehowina
253	7751	English	sea limegrass
253	7751	English	American dunegrass
253	7751	French	seigle de mer
253	7751	Cree	kawabash
254	6529	English	Canada lily
254	6529	English	wild yellow lily
254	6529	French	lis du Canada
254	6529	Malecite	walbatweka.'gil
254	6529	Ojibwa	wĭnabojo'bikwûk'
255	6534	English	orange-red lily
255	6534	English	Philadelphia lily
255	6534	French	lis de Philadelphie
255	6534	Cree	wapayoominusk
255	6534	Cree	wākican
255	6534	Cree	wākiychān
255	6534	Ojibwa	miškodé-pin
255	6534	Ojibwa	miskode-pin
256	7356	English	sea lavender
256	7356	French	limonium de Caroline
257	7252	English	butter and eggs
257	7252	French	linaire vulgaire
257	7252	Ojibwa	owacawa'skwûneg
258	4201	English	twin flower
258	4201	French	linnée boréale
258	4201	Montagnais	pâshpâshtshu
259	4184	English	Indian tobacco
259	4184	French	lobélie gonflée
260	4185	English	Ontario lobelia
260	4185	English	Kalm's lobelia
260	4185	French	lobélie de Kalm
261	4205	English	American fly honeysuckle
261	4205	French	chèvrefeuille du Canada
262	4210	English	glaucous honeysuckle
262	4210	English	limber honeysuckle
262	4210	French	chèvrefeuille dioïque
262	4210	Ojibwa	šabankuk
262	4210	Cree	Sīpāhtik
262	4210	Cree	sīpaminukusīatik
262	4210	Cree	sīpaminitasīatik
262	4210	Cree	sīpāminakasīwā(h)tik
262	4210	Cree	gāganōnskīwaskwah
262	4210	Cree	gagīnawonskiwaskwah
262	4210	Cree	pay(h)payā(h)tik
263	4217	English	black twinberry
263	4217	English	twinflower
263	4217	English	honeysuckle
263	4217	French	chèvrefeuille involucré
263	4217	Cree	payipahtik
263	4217	Cree	pipahtikwa
264		English	puffball fungus
264		French	vesse-de-loup perlée
264		Cree	wathaman
264		Cree	pesohkan
264		Cree	bībōgīthāmin
264		Cree	bīpōgīthamin
264		Cree	pissoskum
264		Cree	kōkōsiwathaman
264		Cree	kāpwīpocīpathisit
264		Cree	kāpikiy(h)tiypayta
264		Chipewyan	datsántsíé
265		English	puffball
265		French	vesse-de-loup
265		Montagnais	kâpîputepishiti
266	6595	English	stag's horn
266	6595	English	common club-moss
266	6595	French	lycopode claviforme
266	6595	French	courants verts
267	6596	English	round-branched tree-clubmoss
267	6596	English	ground pine
267	6596	English	bear paw
267	6596	French	lycopode dendroïde
268	6599	English	ground pine
268	6599	French	lycopode foncé
269	1379	English	club-moss
269	1379	English	ground pine
269	1379	French	lycopode
269	1379	Montagnais	pâshitshinâkuana
270	2678	English	yellow skunk cabbage
270	2678	French	lysichiton d'Amérique
271	2734	English	wild lily-of-the-valley
271	2734	English	squirrel berry
271	2734	French	maïanthème du Canada
271	2734	French	petit muguet
271	2734	Cree	sōsōwīpukōsak
271	2734	Cree	sōskōpukwagōh
271	2734	Ojibwa	agongosî'mînûn
272	2739	English	false spikenard
272	2739	English	false Solomon's seal
272	2739	French	smilacine à grappes
272	2739	Malecite	amwiminigak'
272	2739	Abenaki	onkôk'akak
272	2739	Abenaki	onkôk'skak
272	2739	Ojibwa	kinē'wigwŏshk
272	2739	Ojibwa	agongo'simînûn'
272	2739	Ojibwa	cigona'gan
273	2740	English	star-flowered solomon's seal
273	2740	French	smilacine étoilée
273	2740	Ojibwa	anungokauh
274	6896	English	green Adder's mouth
274	6896	French	malaxis unifolié
274	6896	Ojibwa	aîa'nîkotci'mîn
275	3303	English	pineapple weed
275	3303	English	chamomile
275	3303	French	matricaire odorante
275	3303	French	herbe à crapaud
276	5422	English	fiddlehead fern
276	5422	English	ostrich fern
276	5422	French	matteucie fougère-à-l'autruche
276	5422	Cree	kākākīwīkot
277	5835	English	alfalfa
277	5835	English	lucerne
277	5835	French	luzerne
277	5835	French	lentine
278	7022	English	narrow-leaved cow-wheat
278	7022	French	mélampyre linéaire
278	7022	Ojibwa	agongasi'mînûk
279	5841	English	yellow sweet-clover
279	5841	French	mélilot jaune
279	5841	French	mélilot officinal
279	5841	French	trèfle d'odeur jaune
280	6669	English	Canada moonseed
280	6669	French	ménisperme du Canada
280	6669	Ojibwa	bîma'kwît wa'bîgons
281	6400	English	peppermint
281	6400	French	menthe poivrée
282	6402	English	wild mint
282	6402	French	mente sauvage
282	6402	French	baume
282	6402	Cree	amisko wehkuskwa
282	6402	Cree	amiskōwīkask
282	6402	Cree	āmskuwiy(h)kusk
282	6402	Cree	wīkask
282	6402	Cree	wīkaskwah
282	6402	Cree	wakaskwah
282	6402	Malecite	pse'skil
282	6402	Ojibwa	name'wûckons
282	6402	Atikamekw	kaakawakamicik
282	6402	Montagnais	kâuîpâpinamânapukâshiti nîpîsha
282	6402	Chipewyan	tsátlh'oghtsëné
283	6405	English	spearmint
283	6405	French	menthe à épis
283	6405	French	baume
283	6405	Cree	wekemakowemina
284	6671	English	buckbean
284	6671	French	ményanthe trifolié
284	6671	French	herbe à canards
285	3796	English	lungwort
285	3796	English	tall bluebells
285	3796	French	mertensie paniculée
285	3796	Cree	ogu-malask
286	6709	English	heart-leaved four-o'clock
286	6709	English	heart-leaved umbrellawort
286	6709	French	nyctage parasol
286	6709	Ojibwa	goko'coadji'bîk
286	6709	Ojibwa	be'dukadak'igisĭn
287	9034	English	two-eyed Berry
287	9034	English	creeper partridge-berry
287	9034	French	mitchella rampant
287	9034	French	pain de perdrix
287	9034	Abenaki	papatigwibagassiwil
288	9274	English	bishop's cap
288	9274	English	naked mitrewort
288	9274	French	mitrelle nue
288	9274	Cree	amiskōcawakayipak
288	9274	Cree	ōcawakāyipak
289	6417	English	wild bergamot
289	6417	English	horse mint
289	6417	French	monarde fistuleuse
289	6417	French	menthe de cheval
289	6417	Cree	mostoswīkask
289	6417	Cree	kapiskotānāskīhk
289	6417	Ojibwa	moshkōs'wanowins'
289	6417	Ojibwa	weca'wûs wackwî'nek
289	6417	Ojibwa	bibi'gwûnûkûk'
289	6417	Ojibwa	wabino'wuck
290	6421	English	spotted beebalm
290	6421	French	monarde ponctuée
290	6421	Ojibwa	ka-bi-sani-gwe-iag
291	5536	English	single delight
291	5536	English	one-flowered wintergreen
291	5536	French	monésès uniflore
292	5537	English	Indian pipe
292	5537	French	monotrope uniflore
292	5537	Cree	mīpitahmaskīhkīh
293	6681	English	northern bayberry
293	6681	French	myrique de Pennsylvanie
294	6680	English	sweet gale
294	6680	French	myrique baumier
294	6680	Dene	tehgoo
295		Cree	mwākōkot
296	6426	English	Catnip
296	6426	French	népéta cataire
296	6426	French	herbe à chats
296	6426	Ojibwa	gajugĕns'ibûg
296	6426	Ojibwa	tci'name'wûck
297	9361	English	tobacco
297	9361	French	tabac
298		English	variegated pond-lily
298		English	cow lily
298		English	yellow pond lily
298		French	nénuphar à fleurs panachées
298		French	grand nénuphar jaune
298		French	pied-de-cheval
298		Cree	pwakumosikum
298		Cree	oskotamo
298		Cree	waskātamow
298		Cree	wāskātamo
298		Cree	waskutamo
298		Cree	ōskītīpak
298		Cree	waskītīpak
298		Atikamekw	uckicteabu
298		Dene	egh'ke
298		Chipewyan	teghaizé
299	17417	English	cow lily
299	17417	French	nénuphar à feuilles émergentes
300	17446	English	rocky mountain pond-lily
300	17446	English	yellow water lily
300	17446	French	nénuphar à sépales nombreux
300	17446	Ojibwa	oga'da mûn
300	17446	Dene	egh'ke
301	1466	French	nénuphar
301	1466	Abenaki	mska'tawé
302	6721	English	American white water lily
302	6721	English	sweet scented water lily
302	6721	French	nymphéa odorant
302	6721	French	nénuphar blanc
302	6721	French	lis d'eau
302	6721	Ojibwa	odîte'abûg wa'bîgwûn
303	3314	English	bog aster
303	3314	French	aster des bois
303	3314	Ojibwa	winĭsĭkĕns
304	6808	English	mink plant
304	6808	French	onagre
305		English	goldenrod
306	5423	English	sensitive fern
306	5423	French	onoclée sensible
306	5423	Ojibwa	a'nana'ganûck
307	2693	English	devil's club
307	2693	French	bois piquant
308	5538	English	one-sided wintergreen
308	5538	French	pyrole unilatérale
308	5538	Chipewyan	sasdzaghé
309	2620	English	hairy sweet cicely
309	2620	French	osmorhize de Clayton
309	2620	Ojibwa	osaga'tigom'
310	2622	English	long-styled sweet cicely
310	2622	French	osmorhize à long style
310	2622	Ojibwa	segedebwens
310	2622	Ojibwa	osaga'tîkûm
311	3727	English	hophornbeam
311	3727	French	ostryer de virginie
311	3727	French	bois de fer
311	3727	Ojibwa	ma'nanons'
312	17829	English	wood sorrel
312	17829	French	oxalide de montagne
313	3321	English	golden ragwort
313	3321	English	golden senecio
313	3321	French	séneçon doré
314	2694	English	ginseng
314	2694	French	ginseng
314	2694	French	ginseng à cinq folioles
315	2695	English	dwarf ginseng
315	2695	French	ginseng à trois folioles
315	2695	French	petit ginseng
315	2695	Ojibwa	nesō'wakŏk
316		English	shield lichen
317	2626	English	wild parsnip
317	2626	French	panais
317	2626	Ojibwa	pigwe'wûnûsk
318	7046	English	wood beteny
318	7046	English	Canada pedicularis
318	7046	French	pédiculaire du Canada
318	7046	Ojibwa	mandamî'nîodji'bîkîns
319	7054	English	woolly lousewort
319	7054	French	pédiculaire laineuse
320	7268	English	lesser yellow beardtongue
320	7268	French	penstémon à fleurs jaunes
321	3350	English	palmate coltsfoot
321	3350	French	pétasite palmé
322	3351	English	arrow-leaved coltsfoot
322	3351	French	pétasite sagitté
322	3351	Cree	piskehte puskwa
322	3351	Cree	nigutinepia
322	3351	Cree	mōsōtawakayipak
322	3351	Cree	yuwskiy(h)tiypuk
323	7155	English	lopseed
323	7155	French	phryma à épis grêles
323	7155	Ojibwa	waia'bishkĕno'kŏk
324	8794	English	ninebark
324	8794	French	physocarpus à feuilles d'obier
324	8794	French	bois à sept écorces
324	8794	Ojibwa	miskwazi-wušk
325	7157	English	American pokeweed
325	7157	English	pigeon berry
325	7157	French	phytolaque d'Amérique
326	7156	English	common pokeweed
326	7156	English	poke berry
326	7156	French	phytolaque d'Amérique
327	7173	English	white spruce
327	7173	French	épinette blanche
327	7173	Cree	wapiskimnahik
327	7173	Cree	eyinatik
327	7173	Cree	minuhik
327	7173	Cree	mīnahik
327	7173	Cree	sī(h)ta
327	7173	Chippewa	me-naig
327	7173	Chippewa	gawa'ndag
327	7173	Abenaki	mzazesso
327	7173	Abenaki	mskask
327	7173	Montagnais	minaiku
327	7173	Dene	ts'iivii
327	7173	Dene	ts'iwa
327	7173	Chipewyan	ts'uchogh
328	7174	English	black spruce
328	7174	French	épinette noire
328	7174	Cree	ithināhtik
328	7174	Cree	minahik
328	7174	Cree	setakwunatik
328	7174	Cree	pekewatik
328	7174	Cree	mīthawapakōnuk
328	7174	Cree	mistikōpikī
328	7174	Ojibwa	kaawaataak
328	7174	Chippewa	Say-say-gah-dag
328	7174	Chippewa	jingwûp
328	7174	Ojibwa	a'mikwan'dŏk
328	7174	Montagnais	ushkâtuku
328	7174	Dene	ts'iivii
328	7174	Dene	ędzò
328	7174	Chipewyan	el
329	7177	English	red spruce
329	7177	French	épinette rouge
330	7178	English	Sitka spruce
330	7178	English	tideland spruce
330	7178	French	épinette de Sitka
331	1547	English	spruce
331	1547	French	épinette
331	1547	Atikamekw	cigubi
331	1547	Ojibwa	sĕ'ssēgân'dŏk
332	7181	English	jack pine
332	7181	French	pin gris
332	7181	Cree	ōskāhtak
332	7181	Cree	ivashick
332	7181	Ojibwa	Ookiik
332	7181	Ojibwa	gîga'ndag
332	7181	Montagnais	ushtshishk
332	7181	Dene	goo
333	7184	English	lodgepole pine
333	7184	French	pin tordu
333	7184	Cree	ōskāhtak
333	7184	Cree	oskatik
334	7193	English	red pine
334	7193	French	pin rouge
334	7193	Ojibwa	pōkgwĕ'nagēmŏk
334	7193	Ojibwa	abakwanûg i'mûg
335	1553	English	pine
335	1553	French	pin
335	1553	Atikamekw	cigawk
336	7195	English	white pine
336	7195	French	pin blanc
336	7195	Ojibwa	zhingwâk'
336	7195	Chippewa	kah-be-sah-dah-ge-set
336	7195	Chippewa	jîngwak kweseskwe'tûk
336	7195	Abenaki	kohah'sis
337	7308	English	common plantain
337	7308	English	whiteman's foot
337	7308	French	plantain majeur
337	7308	French	grand plantain queue de rat
337	7308	Cree	muchikwanas
337	7308	Cree	paswēpak
337	7308	Ojibwa	ceca'gûski'bûge sink
337	7308	Ojibwa	gine'biwûck
337	7308	Atikamekw	magaskisitan
337	7308	Abenaki	ondiba'go
338	6911	English	tall white bog orchid
338	6911	English	scentbottle
338	6911	French	platanthère dilatée
339	6912	English	Sierra bog orchid
339	6912	French	platanthère à tige pâle
340	6925	English	roundleaved orchis
340	6925	French	habénaire à feuilles orbiculaires
341	7889	English	swamp meadow-grass
341	7889	English	fowl bluegrass
341	7889	French	pâturin palustre
342	3672	English	mayapple
342	3672	French	podophylle pelté
342	3672	French	pomme de mai
343	8094	English	milkwort
343	8094	English	pink polygala
343	8094	French	polygala polygame
344	8096	English	seneca snakeroot
344	8096	French	sénéca
344	8096	Cree	menisehkes
344	8096	Cree	mesisikas
344	8096	Cree	ominisihkes
344	8096	Cree	sīkōtākanīsīkan
344	8096	Cree	wenisikas
344	8096	Cree	wīnsīkas
344	8096	Cree	wīncīkēs
344	8096	Ojibwa	winis'sikēns'
344	8096	Ojibwa	bi'jikiwûck'
345	2745	English	giant Solomon's seal
345	2745	French	sceau-de-Salomon géant
345	2745	Ojibwa	nanîbîte'ode'kîn
346		English	giant Solomon's seal
346		French	sceau-de-Salomon géant
346		Ojibwa	nebnegodek
347	2747	English	hairy Solomon's seal
347	2747	French	sceau-de-Salomon pubescent
347	2747	Abenaki	onkôk'skak
348		English	water smartweed
348		English	amphibious knot-weed
348		French	renouée amphibie
348		Cree	kāmithkwacōāhtik
348		Cree	kistōtīwīcīpihk
349	19099	English	marshpepper knotweed
349	19099	English	water pepper
349	19099	French	renouée poivre-d'eau
350	25604	English	long-root smartweed
350	25604	English	swamp persicaria
350	25604	French	renouée émergée
350	25604	Ojibwa	agongo'simînûn
351	19123	English	Pennsylvania smartweed
351	19123	French	renouée de Pennsylvanie
351	19123	Ojibwa	pebigumskike
352	19118	English	lady's thumb
352	19118	French	renouée persicaire
353	19125	English	interrupted smartweed
353	19125	French	renouée ponctuée
353	19125	Ojibwa	ojig'imĭn
354	8241	English	rock polypod
354	8241	English	parasitic sword fern
354	8241	French	polypode de Virginie
354	8241	French	tripe de roche
354	8241	Malecite	tcetcgwi'zek'
354	8241	Cree	kākākīwīkoc
354	8241	Cree	kāthīthīkipakākī
354	8241	Cree	kinīpikōtīthanīwīpak
354	8241	Atikamekw	otatakwakanak
354	8241	Innu	Achiniu thistabi
355		English	fungi
355		French	polypore
356		French	polypore
357	5424	English	christmas fern
357	5424	French	polystic faux-acrostic
357	5424	Malecite	ktciutcetckuk
358	8244	English	pickerel weed
358	8244	English	lake herb
358	8244	French	pontédérie cordée
358	8244	Malecite	waladawi'ga
359	9042	English	white poplar
359	9042	French	peuplier blanc
359	9042	Ojibwa	ah-sah-te
360	9044	English	balsam poplar
360	9044	English	black poplar
360	9044	French	peuplier baumier
360	9044	French	peuplier noir
360	9044	French	liard
360	9044	Chippewa	ma-saté
360	9044	Chippewa	mah-nah-sah-te
360	9044	Cree	metos
360	9044	Cree	mayi metos
360	9044	Cree	mayi-mītos
360	9044	Cree	maymiytos
360	9044	Cree	māthamītos
360	9044	Cree	osīmisk
360	9044	Malecite	ewebibu'k
360	9044	Ojibwa	man'asa'dĭ
360	9044	Ojibwa	asa'di
360	9044	Dene	t'oo
360	9044	Dene	t'ooladzé
361	9048	English	cottonwood
361	9048	French	peuplier deltoïde
361	9048	Ojibwa	mâ'nâsâ'ti
362	9049	English	poplar
362	9049	French	peuplier à grandes dents
362	9049	Cree	mutoos
362	9049	Ojibwa	asadi
363	1583	English	poplar
363	1583	French	peuplier
364	9053	English	quaking aspen
364	9053	English	trembling aspen
364	9053	French	peuplier faux-tremble
364	9053	French	tremble
364	9053	Montagnais	mi'tuc
364	9053	Montagnais	mitesh
364	9053	Ojibwa	asa'dĭ
364	9053	Cree	metos
364	9053	Cree	miytos
364	9053	Cree	wapisk-mītos
364	9053	Cree	wasī-mītos
364	9053	Cree	mistik
364	9053	Cree	mītos
364	9053	Cree	mitosinipiah
364	9053	Atikamekw	asawdeobuk
364	9053	Abenaki	os'sagakwé
364	9053	Abenaki	wawabibagw
364	9053	Dene	t'ooladzé
364	9053	Chipewyan	k'es
365	8633	English	common silverweed
365	8633	French	potentille ansérine
366	20161	English	tall cinquefoil
366	20161	French	potentille âcre
366	20161	Ojibwa	gĭ'tciöde'imĭnĭdji'bĭk
367	20208	English	Norwegian cinquefoil
367	20208	French	potentille de Norvège
367	20208	Ojibwa	tcode'imînaga'wûnj
368	11923	English	Lion's foot
368	11923	English	white lettuce
368	11923	French	prenanthe blanche
368	11923	Ojibwa	dado'cabodji'bĭk
368	11923	Ojibwa	weca'wûs wa'ckwînêsk
369	4156	English	rough-fruited fairybells
369	4156	French	prosartès à fruits rugueux
370	6437	English	selfheal
370	6437	English	heal-all
370	6437	French	prunelle vulgaire
370	6437	French	brunelle
370	6437	French	herbe au charpentier
370	6437	Ojibwa	name'wûskons'
370	6437	Ojibwa	basi'bûgûk
371	8858	English	wild plum
371	8858	French	prunier d'Amérique
371	8858	Ojibwa	bogēsanōk
371	8858	Ojibwa	bû'gesana'tig
372	8869	English	Canada plum
372	8869	French	prunier noir
372	8869	French	prunier sauvage
373	8871	English	pine cherry
373	8871	English	bird cherry
373	8871	English	fire cherry
373	8871	French	cerisier de Pennsylvanie
373	8871	French	petit merisier
373	8871	Cree	pusawemina
373	8871	Cree	pasisāwimin
373	8871	Cree	pāsuwiymayātik
373	8871	Malecite	maskwetzi'minak
373	8871	Ojibwa	kusigwa'kumi'nŏk
373	8871	Ojibwa	bae'wimînûn
373	8871	Atikamekw	wesagatuk
373	8871	Montagnais	apueiminanatuk
373	8871	Montagnais	apueiminânakashî
374	8876	English	rum cherry
374	8876	English	black cherry
374	8876	French	cersier tardif
374	8876	Malecite	we'kwanum
374	8876	Ojibwa	ikwe'mîc
375	1593	English	red cherry
376	8881	English	chokeberry
376	8881	French	cerisier de virginie
376	8881	French	cerisier à grappes
376	8881	Ojibwa	sisan'wewi'nakânsh'
376	8881	Ojibwa	a'sasawe'mînaga'wûnj
376	8881	Cree	takwahīmināna
376	8881	Cree	takwēhiminān
376	8881	Cree	tākwuhiymin
376	8881	Innu	Pisheshueminatuk
377	8880	English	western chokecherry
377	8880	English	black chokecherry
377	8880	French	cerisier du Pacifique
378		English	brake
378		French	fougère-aigle
378		Ojibwa	ana'ganûck
379		English	brake
379		French	fougère
380	22167	English	prairie pasqueflower
380	22167	English	cutleaf anemone
380	22167	French	pulsatille multifide
380	22167	Ojibwa	gogeda'djibûg
381	6445	English	Virginia mountainmint
381	6445	French	pycnanthème verticillé
381	6445	Ojibwa	name'wûckon'
382	5547	English	asarum-leaved wintergreen
382	5547	French	pyrole à feuilles d'asaret
382	5547	Chipewyan	sasdzaghé
382	5547	Cree	amiskowehtawakewuskos
382	5547	Cree	amiskōtawakayipak
382	5547	Cree	miskīsikōmaskī(h)kīh
382	5547	Cree	wāwipak
383	5546	English	wintergreen
383	5546	French	pyrole des marais
384	5550	English	waxflower shinleaf
384	5550	French	pyrole elliptique
385	5551	English	arctic pyrola
385	5551	English	arctic wintergreen
385	5551	French	pyrole à grandes fleurs
386	5959	English	white oak
386	5959	French	chêne blanc
386	5959	Ojibwa	mītig'ōmish'
387	5965	English	bur oak
387	5965	French	chêne à gros fruits
387	5965	Ojibwa	mî'tîgo'mîc
388	5970	English	red oak
388	5970	French	chêne rouge
388	5970	Malecite	wabeik emkwanimozi
388	5970	Ojibwa	wisug'emitig'omish'
388	5970	Ojibwa	me-te-ko-mesh
388	5970	Ojibwa	mîtîgo'mîc
388	5970	Ojibwa	wi'sugi'mĭtĭgo'mĭc
389	8496	English	buttercup
389	8496	English	tall buttercup
389	8496	French	renoncule âcre
389	8496	French	bouton d'or
390	6668	English	Virginia meadow beauty
390	6668	English	vigenar wood
390	6668	French	rhéxie de Virginie
391	7069	English	little yellow rattle
391	7069	French	petit rhinanthe
392	5557	English	Labrador tea
392	5557	English	Hudson's Bay tea
392	5557	French	thé du Labrador
392	5557	Ojibwa	muskeegobug
392	5557	Ojibwa	muckig'obûg
392	5557	Cree	muskekopukwa
392	5557	Cree	muskekopakwa
392	5557	Cree	muskakopukwu
392	5557	Cree	maskīkowāpoy
392	5557	Cree	maskēkopakwa
392	5557	Cree	maskēkopakwatī
392	5557	Cree	tīmaskīk
392	5557	Malecite	pusipga'skill
392	5557	Abenaki	jabak
392	5557	Montagnais	îkûta
392	5557	Innu	miluepuk
392	5557	Dene	lidu masgit
392	5557	Dene	gots'ago
392	5557	Chipewyan	nágodhi
393	5563	English	northern Labrador tea
393	5563	French	petit thé du Labrador
393	5563	Dene	lidu masgit
393	5563	Dene	gots'ago
393	5563	Chipewyan	nágodhi
394	2517	English	white sumac
394	2517	English	fragrant sumac
394	2517	French	sumac aromatique
394	2517	Ojibwa	bŏkkwan'ībŏk
395	2519	English	shining sumac
395	2519	English	winged sumac
395	2519	French	sumac brillant
396	2520	English	smooth sumac
396	2520	English	dwarf sumac
396	2520	French	sumac glabre
396	2520	Ojibwa	pakwan-mins
396	2520	Ojibwa	bakwa'nak
396	2520	Ojibwa	maki'bûg
397	2521	English	staghorn sumac
397	2521	French	sumac vinaigrier
397	2521	Malecite	sla'nimus
397	2521	Ojibwa	bakwanâtig
397	2521	Ojibwa	bakwana'tîg
398	6055	English	wild black currant
398	6055	English	American black currant
398	6055	French	gadellier d'Amérique
399	6065	English	skunk currant
399	6065	French	gadellier glanduleux
399	6065	Cree	mīthicīmin
399	6065	Ojibwa	wabos'odji'bĭk
400	6068	English	northern black currant
400	6068	French	gadellier de la Baie d'Hudson
401	6072	English	swamp gooseberry
401	6072	French	gadellier lacustre
401	6072	Montagnais	kâkuminânakashî
402	6080	English	Canada gooseberry
402	6080	French	groseiller du Nord
402	6080	French	groseillier hérissé
402	6080	Cree	sapoominak
402	6080	Cree	sāpōmin
402	6080	Cree	sābuwmin
402	6080	Ojibwa	cabo'mĭnaga'wûnj
402	6080	Dene	daghochį
402	6080	Chipewyan	daghósjíé
403	6087	English	wild red currant
403	6087	French	gadellier amer
403	6087	Ojibwa	mîci'tcimînûk
403	6087	Ojibwa	cigagwa'tĭgon
403	6087	Dene	eneeyù'
404	8887	English	prickly rose
404	8887	French	églantier
404	8887	French	rosier aciculaire
404	8887	Cree	kaminakuse
404	8887	Cree	okīnīak
404	8887	Cree	okwāminalwasiāhtik
404	8887	Cree	okinīwapīgwīnīwa
404	8887	Cree	ogiminakasiatik
404	8887	Cree	ōginīatik
404	8887	Cree	owkiniy
404	8887	Cree	owkāmnekusiy
404	8887	Cree	ōkinī
404	8887	Dene	dabhà
404	8887	Chipewyan	íntsólé
405	8888	English	wild prairie rose
405	8888	French	rosier des prairies
405	8888	Ojibwa	bi'jikiwi'ginĭg
406	8889	English	wild rose
406	8889	French	rosier inerme
406	8889	French	rosier sauvage
406	8889	French	églantier
406	8889	Ojibwa	o'ginīk
407	1627	English	wild rose
407	1627	French	rosier sauvage
407	1627	Ojibwa	kenukatia-mins
407	1627	Ojibwa	ogĭni'mĭnaga'wûnj
408	8915	English	Virginia rose
408	8915	English	dwarf wild rose
408	8915	French	rosier de Virginie
408	8915	Ojibwa	oginī'minagan'mŏs
408	8915	Ojibwa	oki-ni-mi-nah-gash
409	8917	English	woods' rose
410	8920	English	wild blackberry
410	8920	French	mûrier
410	8920	French	ronce alléghanienne
410	8920	Ojibwa	tetéga-min
410	8920	Ojibwa	o'dataga'gomic
411	8928	English	cloud berry
411	8928	French	ronce petit-mûrier
411	8928	French	plaquebière
411	8928	French	chicoutai
411	8928	Dene	nakàl
411	8928	Dene	gors'okà
412	25913	English	black berry
412	25913	French	ronce de Brainerd
412	25913	Ojibwa	oda'tagago'mĭnaga'wûnj
413	8933	English	raspberry
413	8933	French	framboisier
413	8933	French	ronce du mont Ida
413	8933	Cree	anosh'kanek
413	8933	Cree	ayooskunak
413	8933	Cree	ayuwskun
413	8933	Cree	uyooskan
413	8933	Cree	ayōsikan
413	8933	Cree	athōskunatikwah
413	8933	Cree	athōskan
413	8933	Ojibwa	meskwa'mînaga wûnj
413	8933	Atikamekw	mikominatuk
413	8933	Atikamekw	miskiwimin
413	8933	Innu	alushikanatuk
413	8933	Dene	ts'eenakal
413	8933	Chipewyan	tthekálhjíé
414	8934	English	wild red raspberry
414	8934	French	framboisier sauvage
414	8934	Ojibwa	mĭs'komĭnaga'wûnj
415	8940	English	wild black raspberry
415	8940	French	ronce occidentale
415	8940	French	mûrier
415	8940	Ojibwa	kadem-sku-min
415	8940	Ojibwa	makadē'wĭskwi'minŏk
415	8940	Ojibwa	oda'tagago'mĭnaga'wûnj
416	27446	English	dwarf raspberry
416	27446	French	ronce pubescente
416	27446	French	catherinettes
416	27446	Malecite	wabimi'ndgak atho'sis wimi'nol
417	1629	English	blackberry
417	1629	French	mûre
417	1629	Malecite	saptewemi'nus
417	1629	Atikamekw	assasawemin
417	1629	Atikamekw	otatakahomin
418	3391	English	cutleaf coneflower
418	3391	French	rudbeckie laciniée
418	3391	Ojibwa	gi'zûswe'bigwa'ĭs
419	8203	English	tall dock
419	8203	English	pale dock
419	8203	French	patience élevée
420	19236	English	western dock
420	19236	English	yellow dock
420	19236	French	patience occidentale
420	19236	French	doche
420	19236	Cree	osaw ochepihk
420	19236	Cree	pikwataskōpīwāhtik
421	8204	English	arctic dock
421	8204	French	patience arctique
422	8208	English	curled dock
422	8208	French	patience crépue
422	8208	French	rumex crépu
422	8208	Ojibwa	o'zabetshi'wĭk
422	8208	Ojibwa	ci'obûg
422	8208	Ojibwa	oza'widji'bĭk
423	8215	English	bitter dock
423	8215	French	patience à feuilles obtuses
423	8215	French	rumex à feuilles obtuses
423	8215	Ojibwa	oza'widji'bĭk
424	19211	English	water-dock
424	19211	French	patience orbiculaire
424	19211	French	rumex orbiculaire
424	19211	Cree	pikwataskōpīwāhtik
425		English	narrow-leaved dock
425		French	rumex mexicain
425		Cree	pikwataskōpīwāhtik
426	1631	English	dock weed
426	1631	French	patience
426	1631	French	rumex
427	2466	English	arrowhead
427	2466	French	sagittaire cunéaire
427	2466	Algonquian	wapato
427	2466	Ojibwa	wabasi
427	2466	Chipewyan	deníeke
428	2470	English	arrowhead
428	2470	French	sagittaire latifoliée
428	2470	Ojibwa	muj'ota'bûk
429	9079	English	willow
429	9079	French	saule de Bebb
429	9079	Cree	nepise
429	9079	Cree	nepiseatik
429	9079	Cree	wekope
429	9079	Cree	atikwupamuk
429	9079	Cree	nīpīsīs
429	9079	Cree	nīpīsī
429	9079	Cree	nīpīsīah
429	9079	Cree	nīpīsīgībī
429	9079	Cree	nīpīstakwah
430	9087	English	hoary willow
430	9087	French	saule tomenteux
430	9087	Ojibwa	sisi'gewe'mĭsh
431		English	willow
431		French	saule à tête laineuse
431		Malecite	kinoze's
432	9097	English	pussy willow
432	9097	French	saule discolor
432	9097	French	chatons
432	9097	Cree	nīpisī
432	9097	Atikamekw	wigubi
433		English	crack willow
433		French	saule fragile
433		Ojibwa	sizigo'bamîc
434	9124	English	squaw bush
434	9124	English	red willow
434	9124	English	shining willow
434	9124	French	saule brilliant
434	9124	Ojibwa	mûckigo'bamîc
434	9124	Ojibwa	zigo'bamîc
435	9131	English	black willow
435	9131	French	saule noir
435	9131	Cree	sepastikoos
436	9137	English	tea-leaved willow
436	9137	English	diamond-leaved willow
436	9137	English	flat-leaved willow
436	9137	French	saule à feuilles planes
436	9137	Cree	waskayabaduk
437	9143	English	bog willow
437	9143	French	saule pédicellé
437	9143	Ojibwa	sizigo'bamîc
438	1639	English	willow
438	1639	English	osier
438	1639	French	saule
438	1639	Innu	uapineumitshimatuk
438	1639	Montagnais	uâpineu-mîtshima
438	1639	Ojibwa	ozĭ'sĭgo'bimĭc
438	1639	Dene	k'aii
438	1639	Dene	k'ak
439	26159	English	common elder
439	26159	English	elderberry
439	26159	French	sureau du Canada
439	26159	French	sureau blanc
439	26159	Chippewa	pipigwe-minan
440	9880	English	red-fruited elder
440	9880	English	red elderberry
440	9880	French	sureau rouge
440	9880	French	sureau pubescent
440	9880	Malecite	peskigdjila'nimus
440	9880	Ojibwa	papaskatcîksi'gana'tig
440	9880	Montagnais	mishtukusha
441	7128	English	bloodroot
441	7128	French	sanguinaire du Canada
441	7128	French	sang-dragon
441	7128	Malecite	pe'kniasuk'
441	7128	Ojibwa	meskwi-jibik
441	7128	Ojibwa	mĭs'kodji'bĭk
441	7128	Abenaki	pabakan'hilangn
441	7128	Abenaki	papagakanilhôk
442	8954	English	American great burnet
442	8954	French	sanguisorbe du Canada
442	8954	Montagnais	nishtshikâta
443	2637	English	Canada sanicle
443	2637	English	Canada black snakeroot
443	2637	French	sanicle du Canada
443	2637	Ojibwa	mûkûd'widji'bĭk
444	2642	English	black snakeroot
444	2642	French	sanicle du Maryland
444	2642	Malecite	midwiminigak atho'sis wimi'nol
444	2642	Ojibwa	masan
445	2643	English	black snakeroot
445	2643	French	sanicle grégaire
445	2643	Malecite	wabimi'negakathosiswimi'nal
446	9223	English	pitcher plant
446	9223	French	sarracénie pourpre
446	9223	French	sabot
446	9223	French	oreille de cochon
446	9223	French	petits cochons
446	9223	French	herbe crapaud
446	9223	Montagnais	alk tsotaco'
446	9223	Montagnais	alicotache
446	9223	Montagnais	anîtshikâta
446	9223	Cree	ayekitas
446	9223	Cree	ayikitās
446	9223	Cree	ayīkicās
446	9223	Cree	athīkacās
446	9223	Ojibwa	omakakiwidass
446	9223	Atikamekw	arikitcakotepik
446	9223	Algonquian	makikiotache
446	9223	Chipewyan	ts'ëlitili
447	6487	English	sassafras
447	6487	French	sassafras officinal
447	6487	Chippewa	menagwakemins
448	9224	English	Indian pepper
448	9224	English	lizard's tail
448	9224	French	saurure penché
448	9224	Ojibwa	we-ne-se-bah-gon
449	5305	English	bulrush
449	5305	English	tule
449	5305	French	scirpe aigu
449	5305	French	grand jonc
449	5305	Cree	kichekumewusk
449	5305	Cree	kiychiykāmiyuwusk
449	5305	Cree	ōkīhcīkamīwask
449	5305	Cree	wechahkamewuskwa
449	5305	Cree	mwaskosīwan
450	5333	English	bulrush
450	5333	French	scirpe à graines rouges
450	5333	Malecite	kagskinio'kis
451	6455	English	marsh skullcap
451	6455	French	toque
451	6455	French	tertianaire
451	6455	Ojibwa	tcatcabonû'ksîk
452	6456	English	mad-dog scullcap
452	6456	French	scutellaire latériflore
453	5461	English	soapberry
453	5461	English	buffalo-berry
453	5461	French	shepherdie du Canada
453	5461	French	graines de boeuf
453	5461	Cree	kinipikomina
453	5461	Cree	kinèpikōminānahtik
453	5461	Cree	kinīpikōminā(h)tik emskuwmnā(h)tik
453	5461	Dene	dinjik jàk
454	14428	English	white campion
454	14428	French	lychnis blanc
454	14428	Ojibwa	basi'bûgûk
455	3431	English	cup-plant
455	3431	French	silphe perfolié
455	3431	Ojibwa	akûn'damo
455	3431	Ojibwa	asasa'weskûk
456	2646	English	water parsnip
456	2646	French	berle douce
456	2646	Cree	sīwaskātask
456	2646	Cree	sīwaskacāskwos
456	2646	Cree	ōskātask
456	2646	Cree	kowchuskowitoy
457	9343	English	carrion flower
457	9343	French	smilax herbacé
457	9343	French	raisin de couleuvre
457	9343	Ojibwa	ma'kodji'bĭk
457	9343	Ojibwa	bîgomînaga'wûnj
458	9378	English	bittersweet
458	9378	French	morelle douce-amère
458	9378	Malecite	wizagapo'kl
459		English	nightshade
459		French	morelle noire
460	3437	English	goldenrod
460	3437	French	verge d'or très élevée
460	3437	Ojibwa	a'djidamo'wano
461	3445	English	goldenrod
461	3445	French	verge d'or du Canada
461	3445	Cree	chachamos kakew
462	3447	English	goldenrod
462	3447	French	verge d'or à tige zigzaguante
462	3447	Ojibwa	a'djidamo'wano
463	3451	English	early goldenrod
463	3451	French	verge d'or jonciforme
463	3451	Ojibwa	a'djidamo'wano
464	3462	English	multi-rayed goldenrod
464	3462	English	mountain goldenrod
464	3462	French	verge d'or à rayons nombreux
465	3496	English	showy goldenrod
465	3496	French	verge d'or voyante
465	3496	Ojibwa	o'zawa'bigwûn
466	8963	English	American mountain ash
466	8963	English	round wood
466	8963	English	bear berries
466	8963	French	sorbier d'Amérique
466	8963	French	cormier
466	8963	Cree	maskōminānātik
466	8963	Cree	esniywachiywa(h)tik
466	8963	Malecite	mina'kwimus
466	8963	Malecite	wik's
466	8963	Chippewa	ah-o-je-mahg
466	8963	Ojibwa	makoomiinaan
466	8963	Atikamekw	maskominanatuk
466	8963	Innu	mashkumenan
466	8963	Innu	mashkuminânakashî
467	8965	English	northern mountain ash
467	8965	French	sorbier plaisant
467	8965	Cree	maskōminānātik
468	8966	English	Greene's mountain-ash
468	8966	French	sorbier de Greene
468	8966	Chipewyan	naidídechëné
469	8968	English	Sitka mountain-ash
469	8968	English	western mountain-ash
469	8968	French	sorbier de Sitka
470		English	Moss
470		Cree	askīya
471		English	peat moss
471		French	sphaigne brune
471		Cree	uske
471		Cree	muskak
471		Cree	askīyāh
471		Cree	mīkaskwahkawow
471		Cree	āsāskumkwa
471		Cree	eskiya
471		Cree	awasistche
472	8971	English	white meadow-sweet
472	8971	French	spirée blanche
473	8987	English	hardhack
473	8987	English	steeple-bush
473	8987	French	spirée tomenteuse
473	8987	French	thé du Canada
473	8987	Ojibwa	memîsgwû'nagûg
474	7972	English	prairie dropseed
474	7972	French	sporobole à glumes inégales
474	7972	Ojibwa	napŏ'gûshkūns'
475	6469	English	woundwort
475	6469	French	épiaire des marais
475	6469	Ojibwa	ande'gobûg
476	4440	English	common chickweed
476	4440	French	stellaire moyenne
476	4440	French	mouron des oiseaux
476	4440	Ojibwa	wi'nibĭdja'bibaga'no
477		English	snow lichen
478	4590	English	solomon's seal
478	4590	English	eel berry
478	4590	French	streptope amplexicaule
479	22926	English	twisted-stalk
479	22926	French	streptope rose
479	22926	French	rognons de coq
479	22926	Ojibwa	agwĭn'gûsibûg'
479	22926	Ojibwa	nanibîte'ode'kîn
480	4232	English	snowberry
480	4232	English	wax berry
480	4232	English	wolfberry
480	4232	French	symphorine blanche
480	4232	French	graine d'hiver
480	4232	French	graine de loup
480	4232	Cree	mahekun menes
480	4232	Cree	mahekunimin
480	4232	Cree	māyikaniminanahtik
480	4232	Cree	mahikanimin
480	4232	Ojibwa	maĭn'gamûna'tĭg
480	4232	Ojibwa	anîgomiji'mînaga'wûnj
481	4236	English	western snowberry
481	4236	French	symphorine de l'Ouest
482	4237	English	Indian currant
482	4237	French	symphorine à feuilles rondes
482	4237	Ojibwa	gus'sigwaka'mĭsh
483	3529	English	lindley's aster
483	3529	French	aster ciliolé
483	3529	Cree	mistaskewusk
483	3529	Cree	amowusk
484	3545	English	smooth aster
484	3545	French	aster lisse
484	3545	Cree	mistahisakwiwask
485	3580	English	purple-stemmed aster
485	3580	French	aster ponceau
485	3580	Cree	mistasakewusk
485	3580	Cree	mistahīsakwīwask
485	3580	Cree	mstahiysāgiywusk
485	3580	Cree	pāwistiko(h)maskīhkīh
485	3580	Cree	bigonbimaskgigiah
485	3580	Cree	pikōnbīmaskīgīah
485	3580	Cree	pikwanpīmāskīgah
485	3580	Chipewyan	denek'áze'eya(ha)naidíé
486	2681	English	skunk cabbage
486	2681	French	symplocarpe fétide
486	2681	French	tabac du diable
486	2681	French	chou puant
486	2681	Chippewa	sikag-buk
487	3605	English	common tansy
487	3605	French	tanaisie vulgaire
487	3605	Ojibwa	o'ckinigi'kweäni'bĭc
487	3605	Ojibwa	muckiki'wît
488	3615	English	dandelion
488	3615	French	pissenlit
488	3615	Cree	meoskamewuskos
488	3615	Ojibwa	dado'cabodji'bĭk
488	3615	Ojibwa	wesa'usakwûnek
489	9401	English	Canada yew
489	9401	English	ground hemlock
489	9401	French	if du Canada
489	9401	French	buis de sapin
489	9401	Ojibwa	ne'bagandag'
489	9401	Atikamekw	adskewacit
489	9401	Abenaki	al'nézité
489	9401	Abenaki	sagaskôdagw
489	9401	Innu	karkatiwahuk
489	9401	Montagnais	tshîtshue ashtshîuâshîshku
490	8572	English	meadow rue
490	8572	French	pigamon pourpré
491	2648	English	bearded meadow parsnip
491	2648	French	panais à noeuds velus
491	2648	Ojibwa	bûsidji'bĭkûgûk
492	4711	English	arbor vitae
492	4711	English	white cedar
492	4711	French	thuya
492	4711	French	cèdre
492	4711	Cree	mascakēs
492	4711	Cree	masīkīsk
492	4711	Cree	māsikīskāsiht
492	4711	Malecite	ka'gsgos
492	4711	Montagnais	masi'ck
492	4711	Montagnais	mâshtshîshk
492	4711	Ojibwa	gi'jikan'dûg
492	4711	Algonquian	kizek
492	4711	Algonquian	kiskens
492	4711	Algonquian	kisgens
492	4711	Algonquian	songup
492	4711	Algonquian	kizigantic
492	4711	Chippewa	kishig
492	4711	Abenaki	malan'dak
492	4711	Abenaki	môlôdagw
493	4712	English	western red cedar
493	4712	English	gian arborvitae
493	4712	French	thuya géant
493	4712	French	cèdre de l'ouest
494	9311	English	false miterwort
494	9311	French	tiarelle cordifoliée
494	9311	Malecite	siskwimi'nuk
495	6640	English	basswood
495	6640	English	whitewood
495	6640	French	tilleul d'Amérique
495	6640	French	bois blanc
495	6640	Malecite	wikpi/mus
496		English	poison ivy
496		French	herbe à puce
496		Ojibwa	anîmîki'bûg
497		English	diamond willow fungus
497		French	tramète parfumée
497		Cree	wiy(h)kimāsiygan
498	25634	English	star anemone
498	25634	French	trientale boréale
499	5921	English	alsike clover
499	5921	French	trèfle hybride
499	5921	French	trèfle Alsike
499	5921	Cree	moostos mechewin
499	5921	Dene	ligàz'à
500	5929	English	red clover
500	5929	French	trèfle des prés
500	5929	French	trèfle rouge
501	6348	English	seaside arrow-grass
501	6348	French	troscart maritime
501	6348	French	faux jonc
501	6348	Cree	minahikos
502	6656	English	bethroot
502	6656	English	red trillium
502	6656	French	trille dressé
502	6656	French	trille rouge
502	6656	Abenaki	dzidziz
503	6658	English	white trillium
503	6658	French	trille blanc
503	6658	French	trille grandiflore
503	6658	Ojibwa	inĭ'nĭwĭn'dĭbĭge'gûn
504	6663	English	painted trillium
504	6663	French	trille ondulé
504	6663	Atikamekw	penadamabaskw
505	4243	English	horse gentian
505	4243	French	trioste orangé
505	4243	Ojibwa	moninswan
506	7202	English	eastern hemlock
506	7202	French	prûche
506	7202	Malecite	ksiusk
506	7202	Ojibwa	gaga'gimĭc
506	7202	Abenaki	al'nézité
507	9421	English	cat-tail flag
507	9421	French	quenouille
507	9421	Malecite	ba'ziask
508	9422	English	cattail
508	9422	French	massette
508	9422	French	quenouille
508	9422	Cree	otawuskwa
508	9422	Cree	ōtawaskwa
508	9422	Cree	ā(h)towusk
508	9422	Cree	wahōtāhuk
508	9422	Cree	pāsīhkan
508	9422	Malecite	segidebigakde'gil
508	9422	Dene	tl'okàwhi
508	9422	Chipewyan	tlh'oghk'a
509	9424	English	American elm
509	9424	French	orme d'Amérique
510	9430	English	slippery elm
510	9430	French	orme rouge
510	9430	Ojibwa	ah-nib
510	9430	Ojibwa	gawa'komĭc
511		English	lichen
511		French	tripe de roche
511		Atikamekw	asinewakunik
512		English	rock tripe
512		Chipewyan	thets'ín.
512		Cree	asinīwāhkona
512		Cree	wakoonak
512		Cree	asinīwākon
512		Dene	kwechį
513	9438	English	nettle
513	9438	French	ortie élevée
513	9438	Ojibwa	masan
513	9438	Ojibwa	ma'zana'tĭg
513	9438	Ojibwa	
513	9438	Abenaki	katsékô'sag
514	9439	English	stinging nettle
514	9439	French	ortie
514	9439	Cree	masān
514	9439	Cree	musān
514	9439	Cree	musanusk
514	9439	Cree	assan
514	9439	Cree	masānah
515		Cree	miyapakwan
515		Cree	mithapakonuk
516		English	old man's beard moss
516		Cree	mithāpākwan
517	6506	English	bladderwort
517	6506	French	utriculaire commune
518	4597	English	large flowered bellwort
518	4597	French	uvulaire grandiflore
518	4597	Ojibwa	wesawabi'kwonêk
519	5566	English	late sweet blueberry
519	5566	English	low-bush blueberry
519	5566	French	airelle à feuilles étroites
519	5566	French	bleuet
519	5566	Ojibwa	mînûga'wunj
519	5566	Ojibwa	mĭna'aga'wûnj
520	5571	English	cranberry
520	5571	French	airelle à gros fruits
520	5571	French	gros atocas
521	5573	English	blueberry
521	5573	English	bilberry
521	5573	English	whortle berry
521	5573	English	huckleberry
521	5573	French	airelle fausse-myrtille
521	5573	French	bleuet
521	5573	Cree	inimena
521	5573	Cree	īyinimin
521	5573	Cree	iynimin
521	5573	Cree	ithīnīmina
521	5573	Cree	sīpīkōmin
521	5573	Chipewyan	ts'anlhchoth
522		English	cranberry
522		French	canneberge
522		French	atocas
522		Ojibwa	mûcki'mûnj
523	5582	English	alpine bilberry
523	5582	English	bog blueberry
523	5582	French	airelle des marécages
523	5582	Dene	jàk zheii
524	5583	English	bog cranberry
524	5583	English	cowberry
524	5583	English	lingonberry
524	5583	French	airelle vigne d'Ida
524	5583	French	berris
524	5583	French	graines rouges
524	5583	Cree	wesakemina
524	5583	Cree	wīsaki(h)min
524	5583	Cree	wiysukiymin
524	5583	Montagnais	uîshatshiminânakashî
524	5583	Dene	natl'at
524	5583	Chipewyan	nantlh'ër
525	9447	English	northern valerian
525	9447	French	valériane
525	9447	Cree	upistagiwasus
525	9447	Cree	apiscisakōwaskwos
525	9447	Cree	apiscakāwaskwos
525	9447	Cree	apisichīsakwasosuk
525	9447	Cree	apiscīsakwīwaskwos
525	9447	Cree	āpisagiywuskos
526	21480	English	northern valerian
526	21480	English	wood valerian
526	21480	French	valériane nordique
526	21480	Cree	apiscīsakwīwaskwos
527	6665	English	false or indian hellebore
527	6665	French	vérâtre vert
527	6665	French	tabac du diable
527	6665	French	hellébore
528	9330	English	mullein
528	9330	French	molène vulgaire
528	9330	French	tabac du diable
528	9330	Malecite	tcuglsia'sihonel
528	9330	Abenaki	mandando'hibag
529	9462	English	blue vervain
529	9462	French	verveine hastée
530	7348	English	culver's root
530	7348	French	véronique de Virginie
530	7348	Ojibwa	wi'sŏgedzhi'wik
530	7348	Ojibwa	wi'sûgidji'bĭk
531	2443	English	mapleleaf viburnum
531	2443	French	viorne à feuilles d'érable
531	2443	Ojibwa	anib'
532	2444	English	pembina
532	2444	English	squashberry
532	2444	English	mooseberry
532	2444	English	low bush-cranberry
532	2444	English	
532	2444	French	viorne comestible
532	2444	French	pimbina
532	2444	Cree	moosomina
532	2444	Cree	mōsomina
532	2444	Cree	moosominahtik
532	2444	Cree	mōsōminā(h)tik
532	2444	Chipewyan	deníjíé
533	2446	English	hobblebush
533	2446	French	viorne à feuilles d'aulne
533	2446	French	bois d'orignal
533	2446	Atikamekw	mistatiteminatuk
534	2447	English	sheepberry
534	2447	English	nannyberry
534	2447	English	
534	2447	French	viorne lentago
534	2447	French	alisier
534	2447	French	bourdaine
534	2447	Ojibwa	teta-minan
534	2447	Ojibwa	atîte'
535	2451	English	cranberries
535	2451	English	flat seed berries
535	2451	English	moose berry
535	2451	French	viorne obier
536		English	Bush cran berry
536		French	viorne trilobée
536		Cree	nepiminana
536		Cree	nīpiminān
536		Ojibwa	a'nibîmî'nûga'wûck
537		English	stag-bush sloe
537		French	viorne à feuilles de cerisier
538	9476	English	field pansy
538	9476	French	violette de Rafinesque
539	9482	English	Canada violet
539	9482	French	violette du Canada
539	9482	Ojibwa	maskwī'widzhī'wiko'kŏk
540	9491	English	American dog violet
540	9491	English	alpine violet
540	9491	French	violette du Labrador
540	9491	Ojibwa	wewaîe'bûgûg
541	9512	English	downy yellow violet
541	9512	French	violette pubescente
541	9512	Ojibwa	ogitē'waguns
542	1823	English	wild grape
542	1823	French	vigne sauvage
542	1823	Ojibwa	šiwi-min
543	9545	English	frost grape
543	9545	English	river-bank grape
543	9545	French	vigne des renards
543	9545	Ojibwa	ci'wî mînûn
543	9545	Ojibwa	jo'mĭnaga'wûnj
544	9041	English	prickly ash
544	9041	French	clavalier d'Amérique
544	9041	French	frêne épineux
544	9041	Ojibwa	dagawak-mins
544	9041	Ojibwa	gawa'komĭc
545	8026	English	wildrice
545	8026	French	zizanie aquatique
545	8026	French	folle avoine
545	8026	French	riz sauvage
545	8026	Ojibwa	manomin
