id	taxonConceptID	scientificName	family	_habit
1	http://data.canadensys.net/vascan/taxon/7159	Abies balsamea (L.) Mill.	Pinaceae	tree
2	http://data.canadensys.net/vascan/taxon/7162	Abies lasiocarpa (Hook.) Nutt.	Pinaceae	tree
3	http://data.canadensys.net/vascan/taxon/9206	Acer negundo L.	Aceraceae	tree
4	http://data.canadensys.net/vascan/taxon/9207	Acer nigrum Michx. f.	Aceraceae	tree
5		Acer pensylvanicum L.	Aceraceae	tree
6	http://data.canadensys.net/vascan/taxon/9212	Acer rubrum L.	Aceraceae	tree
7	http://data.canadensys.net/vascan/taxon/9213	Acer saccharinum L.	Aceraceae	tree
8	http://data.canadensys.net/vascan/taxon/9214	Acer saccharum Marsh.	Aceraceae	tree
9	http://data.canadensys.net/vascan/taxon/9215	Acer spicatum Lam.	Aceraceae	tree
10	http://data.canadensys.net/vascan/taxon/2768	Achillea millefolium L.	Asteraceae	herb
11	http://data.canadensys.net/vascan/taxon/10240	Achillea millefolium ssp. lanulosa (Nuttall) Piper var. lanulosa	Asteraceae	herb
12	http://data.canadensys.net/vascan/taxon/2765	Achillea millefolium L. var. occidentalis DC.	Asteraceae	herb
13		Achillea sibirica Ledeb.	Asteraceae	herb
14	http://data.canadensys.net/vascan/taxon/22315	Aconogonon alaskanum (W. Wight ex Hultén) Soják var. alaskanum	Polygonaceae	herb
15	http://data.canadensys.net/vascan/taxon/2432	Acorus americanus (Raf.) Raf.	Araceae	herb
16	http://data.canadensys.net/vascan/taxon/2433	Acorus calamus L.	Araceae	herb
17	http://data.canadensys.net/vascan/taxon/8409	Actaea pachypoda Elliot	Ranunculaceae	herb
18	http://data.canadensys.net/vascan/taxon/19498	Actaea racemosa L. var. racemosa	Ranunculaceae	herb
19	http://data.canadensys.net/vascan/taxon/8412	Actaea rubra (Aiton) Willd.	Ranunculaceae	herb
20	http://data.canadensys.net/vascan/taxon/8382	Adiantum pedatum L.	Pteridaceae	herb
21	http://data.canadensys.net/vascan/taxon/6351	Agastache foeniculum (Pursh) Kuntze	Lamiaceae	herb
22	http://data.canadensys.net/vascan/taxon/8601	Agrimonia gryposepala Wallr.	Rosaceae	herb
23	http://data.canadensys.net/vascan/taxon/9398	Aletris farinosa L.	Liliaceae	herb
24	http://data.canadensys.net/vascan/taxon/9875	Alisma plantago-aquatica L.	Alismataceae	herb
25	http://data.canadensys.net/vascan/taxon/2490	Allium stellatum Fraser ex Ker Gawl.	Liliaceae	herb
26	http://data.canadensys.net/vascan/taxon/2493	Allium tricoccum Aiton	Liliaceae	herb
27	http://data.canadensys.net/vascan/taxon/3675	Alnus incana (L.) Moench ssp. rugosa (Du Roi) R.T. Clausen	Betulaceae	tree
28	http://data.canadensys.net/vascan/taxon/3679	Alnus rubra Bong.	Betulaceae	tree
29	http://data.canadensys.net/vascan/taxon/803	Alnus sp.	Betulaceae	tree
30	http://data.canadensys.net/vascan/taxon/3682	Alnus viridis (Chaix) DC.	Betulaceae	tree
31	http://data.canadensys.net/vascan/taxon/3681	Alnus viridis (Chaix) DC. ssp. crispa (Aiton) Turrill	Betulaceae	tree
32		Amanita muscaria Fr.	Amanitaceae	fungi
33	http://data.canadensys.net/vascan/taxon/8617	Amelanchier alnifolia (Nutt.) Nutt ex M. Roem.	Rosaceae	shrub
34	http://data.canadensys.net/vascan/taxon/8619	Amelanchier bartramiana (Tausch) M. Roem.	Rosaceae	tree
35	http://data.canadensys.net/vascan/taxon/8620	Amelanchier canadensis (L.) Medik.	Rosaceae	tree
36	http://data.canadensys.net/vascan/taxon/8622	Amelanchier laevis Wiegand	Rosaceae	tree
37	http://data.canadensys.net/vascan/taxon/5620	Amorpha canescens Pursh	Fabaceae	shrub
38	http://data.canadensys.net/vascan/taxon/16140	Amphicarpaea bracteata (L.) var. comosa (L.) Fernald	Fabaceae	vine
39	http://data.canadensys.net/vascan/taxon/2797	Anaphalis margaritacea (L.) Benth.	Asteraceae	herb
40	http://data.canadensys.net/vascan/taxon/5486	Andromeda polifolia L. var. latifolia Aiton	Ericaceae	shrub
41	http://data.canadensys.net/vascan/taxon/7401	Androsace septentrionalis L.	Primulaceae	herb
42	http://data.canadensys.net/vascan/taxon/8349	Andropogon gerardii Vitman	Poaceae	herb
43	http://data.canadensys.net/vascan/taxon/8419	Anemone canadensis L.	Ranunculaceae	herb
44	http://data.canadensys.net/vascan/taxon/8420	Anemone cylindrica A. Gray	Ranunculaceae	herb
45	http://data.canadensys.net/vascan/taxon/8426	Anemone multifida Poir.	Ranunculaceae	herb
46	http://data.canadensys.net/vascan/taxon/822	Anemone sp.	Ranunculaceae	herb
47	http://data.canadensys.net/vascan/taxon/2813	Antennaria howellii Greene ssp. neodioica (Greene) Bayer	Asteraceae	herb
48	http://data.canadensys.net/vascan/taxon/2823	Antennaria neglecta Greene	Asteraceae	herb
49	http://data.canadensys.net/vascan/taxon/2828	Antennaria plantaginifolia (L.) Richardson	Asteraceae	herb
50	http://data.canadensys.net/vascan/taxon/2659	Apocynum androsaemifolium L.	Apocynaceae	herb
51	http://data.canadensys.net/vascan/taxon/2662	Apocynum cannabinum L.	Apocynaceae	herb
52	http://data.canadensys.net/vascan/taxon/8444	Aquilegia canadensis L.	Ranunculaceae	herb
53	http://data.canadensys.net/vascan/taxon/2683	Aralia hispida Vent.	Araliaceae	herb
54	http://data.canadensys.net/vascan/taxon/2684	Aralia nudicaulis L.	Araliaceae	herb
55	http://data.canadensys.net/vascan/taxon/2686	Aralia racemosa L.	Araliaceae	herb
56	http://data.canadensys.net/vascan/taxon/2847	Arctium lappa L.	Asteraceae	herb
57	http://data.canadensys.net/vascan/taxon/2848	Arctium minus Bernh.	Asteraceae	herb
58	http://data.canadensys.net/vascan/taxon/15868	Arctostaphylos alpina (L.) Spreng.	Ericaceae	shrub
59	http://data.canadensys.net/vascan/taxon/5492	Arctostaphylos uva-ursi (L.) Spreng.	Ericaceae	shrub
60	http://data.canadensys.net/vascan/taxon/2674	Arisaema triphyllum (L.) Schott.	Araceae	herb
61		Aristolochia serpentaria L.	Aristolochiaceae	herb
62	http://data.canadensys.net/vascan/taxon/2853	Arnica angustifolia Vahl	Asteraceae	herb
63	http://data.canadensys.net/vascan/taxon/2878	Artemisia absinthium L.	Asteraceae	herb
64	http://data.canadensys.net/vascan/taxon/2885	Artemisia campestris L.	Asteraceae	herb
65	http://data.canadensys.net/vascan/taxon/2890	Artemisia dracunculus L.	Asteraceae	herb
66	http://data.canadensys.net/vascan/taxon/2891	Artemisia frigida Willd.	Asteraceae	herb
67	http://data.canadensys.net/vascan/taxon/2902	Artemisia ludoviciana Nutt. ssp. ludoviciana	Asteraceae	herb
68	http://data.canadensys.net/vascan/taxon/2905	Artemisia norvegica ssp. saxatilis (Besser) H.M. Hall & Clements	Asteraceae	herb
69	http://data.canadensys.net/vascan/taxon/2912	Artemisia tilesii Ledeb.	Asteraceae	herb
70	http://data.canadensys.net/vascan/taxon/2698	Asarum canadense L.	Aristolochiaceae	herb
71	http://data.canadensys.net/vascan/taxon/2711	Asclepias syriaca L.	Asclepiadaceae	herb
72	http://data.canadensys.net/vascan/taxon/2713	Asclepias tuberosa L.	Asclepiadaceae	herb
73		Aspidium cristatum (L.) Sw.	Polypodiaceae	herb
74	http://data.canadensys.net/vascan/taxon/5633	Astragalus americanus (Hook.) M.E. Jones	Fabaceae	herb
75	http://data.canadensys.net/vascan/taxon/5650	Astragalus crassicarpus Nutt.	Fabaceae	herb
76	http://data.canadensys.net/vascan/taxon/5373	Athyrium filix-femina (L.) Roth	Dryopteridaceae	herb
77	http://data.canadensys.net/vascan/taxon/5698	Baptisia tinctoria (L.) R. Br.	Fabaceae	herb
78	http://data.canadensys.net/vascan/taxon/3667	Berberis vulgaris L.	Berberidaceae	shrub
79	http://data.canadensys.net/vascan/taxon/3685	Betula alleghaniensis Britton	Betulaceae	tree
80	http://data.canadensys.net/vascan/taxon/3687	Betula glandulosa Michx.	Betulaceae	shrub
81	http://data.canadensys.net/vascan/taxon/3689	Betula lenta L.	Betulaceae	tree
82	http://data.canadensys.net/vascan/taxon/3693	Betula nana L.	Betulaceae	shrub
83	http://data.canadensys.net/vascan/taxon/3692	Betula nana L. ssp. exilis (Sukaczev) Hultén	Betulaceae	shrub
84	http://data.canadensys.net/vascan/taxon/3695	Betula neoalaskana Sarg.	Betulaceae	shrub
85		Betula nigra L.	Betulaceae	tree
86	http://data.canadensys.net/vascan/taxon/3697	Betula papyrifera Marsh.	Betulaceae	tree
87	http://data.canadensys.net/vascan/taxon/3701	Betula pubescens Ehrh.	Betulaceae	tree
88	http://data.canadensys.net/vascan/taxon/3703	Betula pumila L. var. glandulifera Regel.	Betulaceae	tree
89	http://data.canadensys.net/vascan/taxon/6973	Boschniakia rossica (Cham. & Schltdl.) Fedtsch.	Orobanchaceae	herb
90	http://data.canadensys.net/vascan/taxon/3868	Botrychium virginianum (L.) Sw.	Ophioglossaceae	herb
91	http://data.canadensys.net/vascan/taxon/911	Brassica sp.	Brassicaceae	herb
92	http://data.canadensys.net/vascan/taxon/2677	Calla palustris L.	Araceae	herb
93	http://data.canadensys.net/vascan/taxon/8452	Caltha palustris L.	Ranunculaceae	herb
94		Calvatia craniiformis Schw.	Lycoperdaceae	fungi
95	http://data.canadensys.net/vascan/taxon/4171	Campanula rotundifolia L.	Campanulaceae	herb
96	http://data.canadensys.net/vascan/taxon/3943	Capsella bursa-pastoris (L.) Medik.	Brassicaceae	herb
97	http://data.canadensys.net/vascan/taxon/3951	Cardamine diphylla (Michx.) Alph. Wood	Brassicaceae	herb
98	http://data.canadensys.net/vascan/taxon/4742	Carex aquatilis Wahlenb.	Cyperaceae	herb
99	http://data.canadensys.net/vascan/taxon/2551	Carum carvi L.	Apiaceae	herb
100	http://data.canadensys.net/vascan/taxon/6235	Carya cordiformis (Wangenh.) K. Koch	Juglandaceae	tree
101	http://data.canadensys.net/vascan/taxon/6237	Carya laciniosa (Michx. f.) G. Don	Juglandaceae	tree
102	http://data.canadensys.net/vascan/taxon/6239	Carya ovata (Mill.) K. Koch	Juglandaceae	tree
103	http://data.canadensys.net/vascan/taxon/6981	Castilleja coccinea (L.) Spreng.	Scrophulariaceae	herb
104	http://data.canadensys.net/vascan/taxon/6991	Castilleja miniata Dougl. Ex Hook.	Scrophulariaceae	herb
105	http://data.canadensys.net/vascan/taxon/3670	Caulophyllum thalictroides (L.) Michx.	Berberidaceae	herb
106	http://data.canadensys.net/vascan/taxon/8587	Ceanothus americanus L.	Rhamnaceae	shrub
107	http://data.canadensys.net/vascan/taxon/8588	Ceanothus herbaceus Raf.	Rhamnaceae	shrub
108	http://data.canadensys.net/vascan/taxon/4449	Celastrus scandens L.	Celastraceae	vine
109		Cetraria islandica (L.) Ach.	Parmeliaceae	lichens
110		Chamaecyparis thyoides (L.) BSP	Cupressaceae	tree
111	http://data.canadensys.net/vascan/taxon/5504	Chamaedaphne calyculata (L.) Moench	Ericaceae	shrub
112	http://data.canadensys.net/vascan/taxon/6740	Chamerion angustifolium (L.) Holub ssp. angustifolium	Onagraceae	herb
113	http://data.canadensys.net/vascan/taxon/6744	Chamerion latifolium (L.) Holub	Onagraceae	herb
114	http://data.canadensys.net/vascan/taxon/7220	Chelone glabra L.	Scrophulariaceae	herb
115	http://data.canadensys.net/vascan/taxon/4493	Chenopodium album L.	Chenopodiaceae	herb
116	http://data.canadensys.net/vascan/taxon/14747	Chenopodium ambrosioides L.	Chenopodiaceae	herb
117	http://data.canadensys.net/vascan/taxon/5508	Chimaphila umbellata (L.) W. Bartram	Pyrolaceae	herb
118	http://data.canadensys.net/vascan/taxon/2557	Cicuta douglasii (DC.) J.M. Coult. & Rose	Apiaceae	herb
119	http://data.canadensys.net/vascan/taxon/2559	Cicuta maculata L.	Apiaceae	herb
120	http://data.canadensys.net/vascan/taxon/2988	Cirsium arvense (L.) Scop.	Asteraceae	herb
121	http://data.canadensys.net/vascan/taxon/2990	Cirsium discolor (Muhl. ex Willd.) Spreng.	Asteraceae	herb
122	http://data.canadensys.net/vascan/taxon/999	Cirsium sp.	Asteraceae	herb
123	http://data.canadensys.net/vascan/taxon/3006	Cirsium vulgare (Savi) Ten.	Asteraceae	herb
124		Cladina stellaris (Opiz) Brodo	Cladoniaceae	lichen
125		Cladina rangiferina (L.) Nyl.	Cladoniaceae	lichen
126	http://data.canadensys.net/vascan/taxon/6513	Clintonia borealis (Aiton) Raf.	Liliaceae	herb
127	http://data.canadensys.net/vascan/taxon/6514	Clintonia uniflora (Menzies ex Schult. & Schult. f.) Kunth	Liliaceae	herb
128	http://data.canadensys.net/vascan/taxon/8643	Comarum palustre L.	Rosaceae	herb
129	http://data.canadensys.net/vascan/taxon/6678	Comptonia peregrina (L.) J.M. Coult.	Myricaceae	shrub
130	http://data.canadensys.net/vascan/taxon/2564	Conioselinum chinense (L.) Britton, Sterns & Poggenb.	Apiaceae	herb
131	http://data.canadensys.net/vascan/taxon/8471	Coptis trifolia (L.) Salisb.	Ranunculaceae	herb
132	http://data.canadensys.net/vascan/taxon/4641	Cornus alternifolia L. f.	Cornaceae	tree
133	http://data.canadensys.net/vascan/taxon/4644	Cornus canadensis L.	Cornaceae	shrub
134	http://data.canadensys.net/vascan/taxon/4646	Cornus florida L.	Cornaceae	tree
135		Cornus foemina Mill.	Cornaceae	shrub
136	http://data.canadensys.net/vascan/taxon/14857	Cornus racemosa Lam.	Cornaceae	shrub
137		Cornus sericea L.	Cornaceae	shrub
138	http://data.canadensys.net/vascan/taxon/1037	Cornus sp.	Cornaceae	shrub
139	http://data.canadensys.net/vascan/taxon/7091	Corydalis aurea Willd.	Fumariaceae	herb
140	http://data.canadensys.net/vascan/taxon/3721	Corylus americana Walt.	Betulaceae	shrub
141	http://data.canadensys.net/vascan/taxon/3724	Corylus cornuta Marsh.	Betulaceae	tree
142	http://data.canadensys.net/vascan/taxon/1047	Crataegus sp.	Rosaceae	tree
143		Cucurbita maxima Duchesne	Cucurbitaceae	vine
144	http://data.canadensys.net/vascan/taxon/3761	Cynoglossum virginianum L. var. boreale (Fernald) Cooperr.	Boraginaceae	herb
145	http://data.canadensys.net/vascan/taxon/6854	Cypripedium acaule Aiton	Orchidaceae	herb
146	http://data.canadensys.net/vascan/taxon/6861	Cypripedium parviflorum Salisb.	Orchidaceae	herb
147	http://data.canadensys.net/vascan/taxon/6864	Cypripedium reginae Walter	Orchidaceae	herb
148	http://data.canadensys.net/vascan/taxon/6842	Dactylorhiza viridis (L.) R.M. Bateman, A.M. Pridgeon & M.W. Chase	Orchidaceae	herb
149	http://data.canadensys.net/vascan/taxon/5714	Dalea purpurea Vent.	Fabaceae	herb
150	http://data.canadensys.net/vascan/taxon/20022	Dasiphora fruticosa (L.) Rydb. ssp. floribunda (Pursh) Kartesz	Rosaceae	shrub
151	http://data.canadensys.net/vascan/taxon/8481	Delphinium glaucum S. Watson	Ranunculaceae	herb
152	http://data.canadensys.net/vascan/taxon/4199	Diervilla lonicera Mill.	Caprifoliaceae	shrub
153	http://data.canadensys.net/vascan/taxon/9413	Dirca palustris L.	Thymelaceae	shrub
154	http://data.canadensys.net/vascan/taxon/5387	Dryopteris carthusiana (Vill.) H. P. Fuchs	Dryopteridaceae	herb
155	http://data.canadensys.net/vascan/taxon/5391	Dryopteris expansa (C. Presl) Fraser-Jenkins & Jermy	Dryopteridaceae	herb
156	http://data.canadensys.net/vascan/taxon/5400	Dryopteris marginalis (L.) A. Gray	Dryopteridaceae	herb
157	http://data.canadensys.net/vascan/taxon/1112	Dryopteris sp.	Dryopteridaceae	herb
158	http://data.canadensys.net/vascan/taxon/4696	Echinocystis lobata (Michx.) Torr. & A. Gray	Cucurbitaceae	vine
159		Echinodontium tinctorium (Ellis & Ev.) Ellis & Ev.	Echinodontiaceae	fungi
160	http://data.canadensys.net/vascan/taxon/5514	Empetrum nigrum L.	Empetraceae	shrub
161	http://data.canadensys.net/vascan/taxon/5516	Epigaea repens L.	Ericaceae	shrub
162	http://data.canadensys.net/vascan/taxon/5466	Equisetum arvense L.	Equisetaceae	herb
163	http://data.canadensys.net/vascan/taxon/5469	Equisetum hyemale L.	Equisetaceae	herb
164	http://data.canadensys.net/vascan/taxon/5471	Equisetum palustre L.	Equisetaceae	herb
165	http://data.canadensys.net/vascan/taxon/5472	Equisetum pratense Ehrh	Equisetaceae	herb
166	http://data.canadensys.net/vascan/taxon/5474	Equisetum sylvaticum L.	Equisetaceae	herb
167	http://data.canadensys.net/vascan/taxon/3010	Erigeron canadensis L.	Asteraceae	herb
168	http://data.canadensys.net/vascan/taxon/3112	Erigeron philadelphicus L.	Asteraceae	herb
169	http://data.canadensys.net/vascan/taxon/1149	Erigeron sp.	Asteraceae	herb
170	http://data.canadensys.net/vascan/taxon/3127	Erigeron strigosus Muhl. ex Willd.	Asteraceae	herb
171	http://data.canadensys.net/vascan/taxon/1152	Eriophorum sp.	Cyperaceae	herb
172	http://data.canadensys.net/vascan/taxon/2575	Eryngium aquaticum L.	Apiaceae	herb
173	http://data.canadensys.net/vascan/taxon/4043	Erysimum cheiranthoides L.	Cruciferea	herb
174	http://data.canadensys.net/vascan/taxon/23325	Eupatorium maculatum L.	Asteraceae	herb
175	http://data.canadensys.net/vascan/taxon/3144	Eupatorium perfoliatum L.	Asteraceae	herb
176	http://data.canadensys.net/vascan/taxon/23326	Eupatorium purpureum L.	Asteraceae	herb
177	http://data.canadensys.net/vascan/taxon/5603	Euphorbia corollata L.	Euphorbiaceae	herb
178	http://data.canadensys.net/vascan/taxon/1164	Euphorbia sp.	Euphorbiaceae	herb
179	http://data.canadensys.net/vascan/taxon/3149	Eurybia macrophylla (L.) Cass.	Asteraceae	herb
180	http://data.canadensys.net/vascan/taxon/3157	Euthamia graminifolia (L.) Nutt.	Asteraceae	herb
181		Evernia mesomorpha Nyl.	Parmeliaceae	lichen
182	http://data.canadensys.net/vascan/taxon/5957	Fagus grandifolia Ehrh.	Fagaceae	tree
183		Fomes fomentarius (L. Ex Fries) J. Kickx f.	Polyporaceae	fungi
184		Fomes officinalis	Polyporaceae	fungi
185		Fomes pinicola (Swartz) Cooke	Polyporaceae	fungi
186	http://data.canadensys.net/vascan/taxon/8756	Fragaria vesca L. ssp. bracteata (A. Heller) Staudt	Rosaceae	herb
187	http://data.canadensys.net/vascan/taxon/8757	Fragaria virginiana Duchesne.	Rosaceae	herb
188	http://data.canadensys.net/vascan/taxon/8758	Fragaria virginiana Duchesne ssp. glauca (S. Watson) Staudt	Rosaceae	herb
189	http://data.canadensys.net/vascan/taxon/6726	Fraxinus americana L.	Oleaceae	tree
190	http://data.canadensys.net/vascan/taxon/6729	Fraxinus nigra Marsh.	Oleaceae	tree
191	http://data.canadensys.net/vascan/taxon/6730	Fraxinus pennsylvanica Marsh.	Oleaceae	tree
192	http://data.canadensys.net/vascan/taxon/1183	Fraxinus sp.	Oleaceae	tree
193	http://data.canadensys.net/vascan/taxon/6376	Galeopsis tetrahit L.	Lamiaceae	herb
194	http://data.canadensys.net/vascan/taxon/8995	Galium aparine L.	Rubiaceae	herb
195	http://data.canadensys.net/vascan/taxon/8998	Galium boreale L.	Rubiaceae	herb
196	http://data.canadensys.net/vascan/taxon/9020	Galium tinctorium (L.) Scop.	Rubiaceae	herb
197	http://data.canadensys.net/vascan/taxon/9023	Galium trifidum L.	Rubiaceae	vine
198	http://data.canadensys.net/vascan/taxon/5517	Gaultheria hispidula (L.) Muhl. ex Bigelow	Ericaceae	shrub
199	http://data.canadensys.net/vascan/taxon/5520	Gaultheria procumbens L.	Ericaceae	shrub
200	http://data.canadensys.net/vascan/taxon/9197	Geocaulon lividum (Richardson) Fernald	Santalaceae	herb
201	http://data.canadensys.net/vascan/taxon/6042	Geranium maculatum L.	Geraniaceae	herb
202	http://data.canadensys.net/vascan/taxon/8763	Geum aleppicum Jacq.	Rosaceae	herb
203	http://data.canadensys.net/vascan/taxon/8765	Geum canadense Jacq.	Rosaceae	herb
204	http://data.canadensys.net/vascan/taxon/8769	Geum macrophyllum Willd.	Rosaceae	herb
205	http://data.canadensys.net/vascan/taxon/8772	Geum rivale L.	Rosaceae	herb
206	http://data.canadensys.net/vascan/taxon/8775	Geum triflorum Pursh	Rosaceae	herb
207	http://data.canadensys.net/vascan/taxon/7695	Glyceria canadensis (Michx.) Trin.	Poaceae	herb
208	http://data.canadensys.net/vascan/taxon/1215	Gnaphalium sp.	Asteraceae	herb
209	http://data.canadensys.net/vascan/taxon/3182	Grindelia squarrosa (Pursh) Dunal.	Asteraceae	herb
210	http://data.canadensys.net/vascan/taxon/5413	Gymnocarpium disjunctum (Rupr.) Chin	Dryopteridaceae	herb
211	http://data.canadensys.net/vascan/taxon/5414	Gymnocarpium dryopteris (L.) Newman	Dryopteridaceae	herb
212	http://data.canadensys.net/vascan/taxon/6110	Hamamelis virginiana L.	Hamamelidaceae	tree
213	http://data.canadensys.net/vascan/taxon/5736	Hedysarum alpinum L.	Fabaceae	herb
214	http://data.canadensys.net/vascan/taxon/3185	Helenium autumnale L.	Asteraceae	herb
215		Helianthus occidentalis Riddell	Asteraceae	herb
216	http://data.canadensys.net/vascan/taxon/3211	Heliopsis helianthoides (L.) Sweet var. scabra (Dunal) Fernald	Asteraceae	herb
217	http://data.canadensys.net/vascan/taxon/19512	Hepatica nobilis Schreb. var. obtusa (Pursh) Steyerm.	Ranunculaceae	herb
218		Hepatica triloba Chaix.	Ranunculaceae	herb
219	http://data.canadensys.net/vascan/taxon/2583	Heracleum maximum Bartram	Apiaceae	herb
220	http://data.canadensys.net/vascan/taxon/9241	Heuchera richardsonii R. Br.	Saxifragaceae	herb
221		Hierochloe odorata (L.) Beauv.	Poaceae	herb
222	http://data.canadensys.net/vascan/taxon/7725	Hordeum jubatum L.	Poaceae	herb
223	http://data.canadensys.net/vascan/taxon/4575	Hudsonia tomentosa Nutt.	Cestaceae	shrub
224	http://data.canadensys.net/vascan/taxon/4196	Humulus lupulus L.	Cannabaceae	vine
225	http://data.canadensys.net/vascan/taxon/6140	Hydrophyllum virginianum L.	Hydrophyllaceae	herb
226	http://data.canadensys.net/vascan/taxon/14869	Hylotelephium telephium (L.) H. Ohba ssp. telephium	Crassulaceae	herb
227	http://data.canadensys.net/vascan/taxon/3249	Hymenoxys richardsonii (Hook.) Cockerell.	Asteraceae	herb
228	http://data.canadensys.net/vascan/taxon/6163	Hypericum perforatum L.	Clusiaceae	herb
229	http://data.canadensys.net/vascan/taxon/2668	Ilex mucronata (L.) Powell, Savolainen & Andrews	Aquifoliaceae	tree
230	http://data.canadensys.net/vascan/taxon/2671	Ilex verticillata (L.) Gray	Aquifoliaceae	tree
231	http://data.canadensys.net/vascan/taxon/3655	Impatiens capensis Meerb.	Balsaminaceae	herb
232	http://data.canadensys.net/vascan/taxon/3659	Impatiens pallida Nutt.	Balsaminaceae	herb
233		Inonotus obliquus (Ach. Ex Pers.) Pil.	Hymenochaetaceae	fungi
234	http://data.canadensys.net/vascan/taxon/3253	Inula helenium L.	Asteraceae	herb
235	http://data.canadensys.net/vascan/taxon/6188	Iris versicolor L.	Iridaceae	herb
236	http://data.canadensys.net/vascan/taxon/6242	Juglans cinerea L.	Juglandaceae	tree
237	http://data.canadensys.net/vascan/taxon/4702	Juniperus communis L.	Cupressaceae	tree
238	http://data.canadensys.net/vascan/taxon/4705	Juniperus horizontalis Moench.	Cupressaceae	shrub
239	http://data.canadensys.net/vascan/taxon/4709	Juniperus virginiana L.	Cupressaceae	tree
240	http://data.canadensys.net/vascan/taxon/5529	Kalmia angustifolia L.	Ericaceae	shrub
241	http://data.canadensys.net/vascan/taxon/5530	Kalmia latifolia L.	Ericaceae	tree
242	http://data.canadensys.net/vascan/taxon/5533	Kalmia polifolia Wangenh.	Ericaceae	shrub
243	http://data.canadensys.net/vascan/taxon/3262	Lactuca biennis (Moench) Fernald	Asteraceae	herb
244	http://data.canadensys.net/vascan/taxon/3263	Lactuca canadensis L.	Asteraceae	herb
245	http://data.canadensys.net/vascan/taxon/9433	Laportea canadensis (L.) Weddell	Urticaceae	herb
246	http://data.canadensys.net/vascan/taxon/3781	Lappula squarrosa (Retz.) Dumort.	Boraginaceae	herb
247	http://data.canadensys.net/vascan/taxon/7166	Larix laricina (Du Roi) K. Koch	Pinaceae	tree
248		Lasallia papulosa (Ach.) Llano	Umbilicariaceae	lichen
249	http://data.canadensys.net/vascan/taxon/5752	Lathyrus ochroleucus Hook.	Fabaceae	vine
250	http://data.canadensys.net/vascan/taxon/5760	Lathyrus venosus Muhl. ex Willd.	Fabaceae	herb
251	http://data.canadensys.net/vascan/taxon/4071	Lepidium virginicum L.	Brassicaceae	herb
252	http://data.canadensys.net/vascan/taxon/3281	Leucanthemum vulgare Lam.	Asteraceae	herb
253	http://data.canadensys.net/vascan/taxon/7751	Leymus mollis (Trin.) Pilg.	Poaceae	herb
254	http://data.canadensys.net/vascan/taxon/6529	Lilium canadense L.	Liliaceae	herb
255	http://data.canadensys.net/vascan/taxon/6534	Lilium philadelphicum L.	Liliaceae	herb
256	http://data.canadensys.net/vascan/taxon/7356	Limonium carolinianum (Walter) Britton	Plumbaginaceae	herb
257	http://data.canadensys.net/vascan/taxon/7252	Linaria vulgaris Mill.	Scrophulariaceae	herb
258	http://data.canadensys.net/vascan/taxon/4201	Linnaea borealis L.	Caprifoliaceae	herb
259	http://data.canadensys.net/vascan/taxon/4184	Lobelia inflata L.	Campanulaceae	herb
260	http://data.canadensys.net/vascan/taxon/4185	Lobelia kalmii L.	Campanulaceae	herb
261	http://data.canadensys.net/vascan/taxon/4205	Lonicera canadensis Bartram ex Marsh.	Caprifoliaceae	shrub
262	http://data.canadensys.net/vascan/taxon/4210	Lonicera dioica L.	Caprifoliaceae	vine
263	http://data.canadensys.net/vascan/taxon/4217	Lonicera involucrata (Richardson) Banks ex Spreng.	Caprifoliaceae	shrub
264		Lycoperdon perlatum Pers.	Agaricaceae	fungi
265		Lycoperdon sp.	Agaricaceae	fungi
266	http://data.canadensys.net/vascan/taxon/6595	Lycopodium clavatum L.	Lycopodiaceae	herb
267	http://data.canadensys.net/vascan/taxon/6596	Lycopodium dendroideum Michx.	Lycopodiaceae	herb
268	http://data.canadensys.net/vascan/taxon/6599	Lycopodium obscurum L.	Lycopodiaceae	herb
269	http://data.canadensys.net/vascan/taxon/1379	Lycopodium sp.	Lycopodiaceae	herb
270	http://data.canadensys.net/vascan/taxon/2678	Lysichiton americanus Hultén & H. St. John	Araceae	herb
271	http://data.canadensys.net/vascan/taxon/2734	Maianthemum canadense Desf.	Liliaceae	herb
272	http://data.canadensys.net/vascan/taxon/2739	Maianthemum racemosum (L.) Link ssp. racemosum	Liliaceae	herb
273	http://data.canadensys.net/vascan/taxon/2740	Maianthemum stellatum (L.) Link	Liliaceae	herb
274	http://data.canadensys.net/vascan/taxon/6896	Malaxis unifolia Michx.	Orchidaceae	herb
275	http://data.canadensys.net/vascan/taxon/3303	Matricaria discoidea DC.	Asteraceae	herb
276	http://data.canadensys.net/vascan/taxon/5422	Matteuccia struthiopteris (L.) Todaro.	Dryopteridaceae	herb
277	http://data.canadensys.net/vascan/taxon/5835	Medicago sativa L.	Fabaceae	herb
278	http://data.canadensys.net/vascan/taxon/7022	Melampyrum lineare Desr.	Scrophulariaceae	herb
279	http://data.canadensys.net/vascan/taxon/5841	Melilotus officinalis (L.) Lam.	Fabaceae	herb
280	http://data.canadensys.net/vascan/taxon/6669	Menispermum canadense L.	Menispermaceae	vine
281	http://data.canadensys.net/vascan/taxon/6400	Mentha aquatica L.	Lamiaceae	herb
282	http://data.canadensys.net/vascan/taxon/6402	Mentha arvensis L.	Lamiaceae	herb
283	http://data.canadensys.net/vascan/taxon/6405	Mentha spicata L.	Lamiaceae	herb
284	http://data.canadensys.net/vascan/taxon/6671	Menyanthes trifoliata L.	Menyanthaceae	herb
285	http://data.canadensys.net/vascan/taxon/3796	Mertensia paniculata (Aiton) G. Don	Boraginaceae	herb
286	http://data.canadensys.net/vascan/taxon/6709	Mirabilis nyctaginea (Michx.) MacMill.	Nyctaginaceae	herb
287	http://data.canadensys.net/vascan/taxon/9034	Mitchella repens L.	Rubiaceae	herb
288	http://data.canadensys.net/vascan/taxon/9274	Mitella nuda L.	Saxifragaceae	herb
289	http://data.canadensys.net/vascan/taxon/6417	Monarda fistulosa L.	Lamiaceae	herb
290	http://data.canadensys.net/vascan/taxon/6421	Monarda punctata L.	Lamiaceae	herb
291	http://data.canadensys.net/vascan/taxon/5536	Moneses uniflora (L.) A. Gray	Pyrolaceae	herb
292	http://data.canadensys.net/vascan/taxon/5537	Monotropa uniflora L.	Monotropaceae	herb
293	http://data.canadensys.net/vascan/taxon/6681	Morella pensylvanica (Mirb.) Kartesz	Myricaceae	tree
294	http://data.canadensys.net/vascan/taxon/6680	Myrica gale L.	Myricaceae	shrub
295		Myriosclerotinia caricis-ampullaceae (Nyberg) Buch.	Sclerotiniaceae	fungi
296	http://data.canadensys.net/vascan/taxon/6426	Nepeta cataria L.	Lamiaceae	herb
297	http://data.canadensys.net/vascan/taxon/9361	Nicotiana tabacum L.	Solanaceae	shrub
298		Nuphar lutea (L.) Sm	Nymphaeaceae	herb
299	http://data.canadensys.net/vascan/taxon/17417	Nuphar lutea (L.) Sm. ssp. advena (Aiton) Kartesz & Gandhi	Nymphaeaceae	herb
300	http://data.canadensys.net/vascan/taxon/17446	Nuphar lutea (L.) Sm. ssp. polysepala (Engelm.) E.O. Beal	Nymphaeaceae	herb
301	http://data.canadensys.net/vascan/taxon/1466	Nuphar sp.	Nymphaeaceae	herb
302	http://data.canadensys.net/vascan/taxon/6721	Nymphaea odorata Aiton	Nymphaeaceae	herb
303	http://data.canadensys.net/vascan/taxon/3314	Oclemena nemoralis (Aiton) Greene	Asteraceae	herb
304	http://data.canadensys.net/vascan/taxon/6808	Oenothera biennis L.	Onagraceae	herb
305		Oligoneuron rigidum (L.) Small var. rigidum	Asteraceae	herb
306	http://data.canadensys.net/vascan/taxon/5423	Onoclea sensibilis L.	Dryopteridaceae	herb
307	http://data.canadensys.net/vascan/taxon/2693	Oplopanax horridus (Sm.) Miq.	Araliaceae	shrub
308	http://data.canadensys.net/vascan/taxon/5538	Orthilia secunda (L.) House	Pyrolaceae	herb
309	http://data.canadensys.net/vascan/taxon/2620	Osmorhiza claytonii (Michx.) C.B. Clarke	Apiaceae	herb
310	http://data.canadensys.net/vascan/taxon/2622	Osmorhiza longistylis (Torr.) DC.	Apiaceae	herb
311	http://data.canadensys.net/vascan/taxon/3727	Ostrya virginiana (Mill.) K. Koch	Betulaceae	tree
312	http://data.canadensys.net/vascan/taxon/17829	Oxalis montana Raf.	Oxalidaceae	herb
313	http://data.canadensys.net/vascan/taxon/3321	Packera aurea (L.) A. Löve & D. Löve	Asteraceae	herb
314	http://data.canadensys.net/vascan/taxon/2694	Panax quinquefolius L.	Araliaceae	herb
315	http://data.canadensys.net/vascan/taxon/2695	Panax trifolius L.	Araliaceae	herb
316		Parmelia sulcata Taylor.	Parmeliaceae	lichen
317	http://data.canadensys.net/vascan/taxon/2626	Pastinaca sativa L.	Apiaceae	herb
318	http://data.canadensys.net/vascan/taxon/7046	Pedicularis canadensis L.	Scrophulariaceae	herb
319	http://data.canadensys.net/vascan/taxon/7054	Pedicularis lanata Cham. & Schltdl.	Scrophulariaceae	herb
320	http://data.canadensys.net/vascan/taxon/7268	Penstemon confertus Douglas ex Lindl.	Scrophulariaceae	herb
321	http://data.canadensys.net/vascan/taxon/3350	Petasites frigidus (L.) Fr. var. palmatus (Aiton) Cronquist	Asteraceae	herb
322	http://data.canadensys.net/vascan/taxon/3351	Petasites frigidus (L.) Fr. var. sagittatus (Banks ex Pursh) Cherniawsky	Asteraceae	herb
323	http://data.canadensys.net/vascan/taxon/7155	Phryma leptostachya L.	Verbenaceae	herb
324	http://data.canadensys.net/vascan/taxon/8794	Physocarpus opulifolius (L.) Maxim.	Rosaceae	shrub
325	http://data.canadensys.net/vascan/taxon/7157	Phytolacca americana L.	Phytolaccaceae	herb
326	http://data.canadensys.net/vascan/taxon/7156	Phytolacca americana L. var. americana	Phytolaccaceae	herb
327	http://data.canadensys.net/vascan/taxon/7173	Picea glauca (Moench) Voss	Pinaceae	tree
328	http://data.canadensys.net/vascan/taxon/7174	Picea mariana (Mill.) BSP.	Pinaceae	tree
329	http://data.canadensys.net/vascan/taxon/7177	Picea rubens Sarg.	Pinaceae	tree
330	http://data.canadensys.net/vascan/taxon/7178	Picea sitchensis (Bong.) Carrière	Pinaceae	tree
331	http://data.canadensys.net/vascan/taxon/1547	Picea sp.	Pinaceae	tree
332	http://data.canadensys.net/vascan/taxon/7181	Pinus banksiana Lamb.	Pinaceae	tree
333	http://data.canadensys.net/vascan/taxon/7184	Pinus contorta Douglas ex Louden	Pinaceae	tree
334	http://data.canadensys.net/vascan/taxon/7193	Pinus resinosa Aiton	Pinaceae	tree
335	http://data.canadensys.net/vascan/taxon/1553	Pinus sp.	Pinaceae	tree
336	http://data.canadensys.net/vascan/taxon/7195	Pinus strobus L.	Pinaceae	tree
337	http://data.canadensys.net/vascan/taxon/7308	Plantago major L.	Plantaginaceae	herb
338	http://data.canadensys.net/vascan/taxon/6911	Platanthera dilatata (Pursh) Lindl. ex Beck var. dilatata	Orchidaceae	herb
339	http://data.canadensys.net/vascan/taxon/6912	Platanthera dilatata (Pursh) Lindl. ex Beck var. leucostachys (Lindl.) Luer	Orchidaceae	herb
340	http://data.canadensys.net/vascan/taxon/6925	Platanthera orbiculata (Pursh) Lindl.	Orchidaceae	herb
341	http://data.canadensys.net/vascan/taxon/7889	Poa palustris L.	Poaceae	herb
342	http://data.canadensys.net/vascan/taxon/3672	Podophyllum peltatum L.	Berberidaceae	herb
343	http://data.canadensys.net/vascan/taxon/8094	Polygala polygama Walter	Polygalaceae	herb
344	http://data.canadensys.net/vascan/taxon/8096	Polygala senega L.	Polygalaceae	herb
345	http://data.canadensys.net/vascan/taxon/2745	Polygonatum biflorum (Walter) Elliot	Liliaceae	herb
346		Polygonatum biflorum (Walter) Elliot var. commutatum (Schult. & Schult. f.) Morong	Liliaceae	herb
347	http://data.canadensys.net/vascan/taxon/2747	Polygonatum pubescens (Willd.) Pursh.	Liliaceae	herb
348		Polygonum amphibium L.	Polygonaceae	herb
349	http://data.canadensys.net/vascan/taxon/19099	Polygonum hydropiper	Polygonaceae	herb
350	http://data.canadensys.net/vascan/taxon/25604	Polygonum muhlenbergii (Meisn.) Wats.	Polygonaceae	herb
351	http://data.canadensys.net/vascan/taxon/19123	Polygonum pensylvanicum L.	Polygonaceae	herb
352	http://data.canadensys.net/vascan/taxon/19118	Polygonum persicaria L.	Polygonaceae	herb
353	http://data.canadensys.net/vascan/taxon/19125	Polygonum punctatum Elliot	Polygonaceae	herb
354	http://data.canadensys.net/vascan/taxon/8241	Polypodium virginianum L.	Polypodiaceae	herb
355		Polyporus resinosus (Schrad.) Fr.	Polyporaceae	fungi
356		Polyporus sp.	Polyporaceae	fungi
357	http://data.canadensys.net/vascan/taxon/5424	Polystichum acrostichoides (Michx.) Schott	Dryopteridaceae	herb
358	http://data.canadensys.net/vascan/taxon/8244	Pontederia cordata L.	Pontederiaceae	herb
359	http://data.canadensys.net/vascan/taxon/9042	Populus alba L.	Salicaceae	tree
360	http://data.canadensys.net/vascan/taxon/9044	Populus balsamifera L.	Salicaceae	tree
361	http://data.canadensys.net/vascan/taxon/9048	Populus deltoides Bartram ex Marsh. ssp. monilifera (Aiton) Eckenwalder	Salicaceae	tree
362	http://data.canadensys.net/vascan/taxon/9049	Populus grandidentata Michx.	Salicaceae	tree
363	http://data.canadensys.net/vascan/taxon/1583	Populus sp.	Salicaceae	tree
364	http://data.canadensys.net/vascan/taxon/9053	Populus tremuloides Michx.	Salicaceae	tree
365	http://data.canadensys.net/vascan/taxon/8633	Potentilla anserina L.	Rosaceae	herb
366	http://data.canadensys.net/vascan/taxon/20161	Potentilla arguta Pursh	Rosaceae	herb
367	http://data.canadensys.net/vascan/taxon/20208	Potentilla norvegica L. ssp. monspeliensis (L.) Asch. & Graebn.	Rosaceae	herb
368	http://data.canadensys.net/vascan/taxon/11923	Prenanthes alba L.	Asteraceae	herb
369	http://data.canadensys.net/vascan/taxon/4156	Prosartes trachycarpa S. Watson	Liliaceae	herb
370	http://data.canadensys.net/vascan/taxon/6437	Prunella vulgaris L.	Lamiaceae	herb
371	http://data.canadensys.net/vascan/taxon/8858	Prunus americana Marsh.	Rosaceae	tree
372	http://data.canadensys.net/vascan/taxon/8869	Prunus nigra Aiton	Rosaceae	tree
373	http://data.canadensys.net/vascan/taxon/8871	Prunus pensylvanica L.f.	Rosaceae	tree
374	http://data.canadensys.net/vascan/taxon/8876	Prunus serotina Ehrh.	Rosaceae	tree
375	http://data.canadensys.net/vascan/taxon/1593	Prunus sp.	Rosaceae	tree
376	http://data.canadensys.net/vascan/taxon/8881	Prunus virginiana L.	Rosaceae	tree
377	http://data.canadensys.net/vascan/taxon/8880	Prunus virginiana var. demissa (Nuttall) Torrey	Rosaceae	shrub
378		Pteris aquilina L.	Pteridaceae	herb
379		Pteris sp.	Pteridaceae	herb
380	http://data.canadensys.net/vascan/taxon/22167	Pulsatilla patens (L.) Mill. ssp. multifida (Pritz.) Zamels	Ranunculaceae	herb
381	http://data.canadensys.net/vascan/taxon/6445	Pycnanthemum virginianum (L.) T. Dur. & B.D. Jacks. ex B.L. Rob. & Fernald	Lamiaceae	herb
382	http://data.canadensys.net/vascan/taxon/5547	Pyrola asarifolia Michx.	Pyrolaceae	herb
383	http://data.canadensys.net/vascan/taxon/5546	Pyrola asarifolia Michx. ssp. asarifolia	Pyrolaceae	shrub
384	http://data.canadensys.net/vascan/taxon/5550	Pyrola elliptica Nutt.	Pyrolaceae	herb
385	http://data.canadensys.net/vascan/taxon/5551	Pyrola grandiflora Radius	Pyrolaceae	herb
386	http://data.canadensys.net/vascan/taxon/5959	Quercus alba L.	Fagaceae	tree
387	http://data.canadensys.net/vascan/taxon/5965	Quercus macrocarpa Michx.	Fagaceae	tree
388	http://data.canadensys.net/vascan/taxon/5970	Quercus rubra L.	Fagaceae	tree
389	http://data.canadensys.net/vascan/taxon/8496	Ranunculus acris L.	Ranunculaceae	herb
390	http://data.canadensys.net/vascan/taxon/6668	Rhexia virginica L.	Melastomaceae	herb
391	http://data.canadensys.net/vascan/taxon/7069	Rhinanthus minor L.	Scrophulariaceae	herb
392	http://data.canadensys.net/vascan/taxon/5557	Rhododendron groenlandicum (Oeder) K.A. Kron & W.S. Judd	Ericaceae	shrub
393	http://data.canadensys.net/vascan/taxon/5563	Rhododendron tomentosum Harmaja	Ericaceae	shrub
394	http://data.canadensys.net/vascan/taxon/2517	Rhus aromatica Aiton	Anacardiaceae	shrub
395	http://data.canadensys.net/vascan/taxon/2519	Rhus copallinum L.	Anacardiaceae	tree
396	http://data.canadensys.net/vascan/taxon/2520	Rhus glabra L.	Anacardiaceae	tree
397	http://data.canadensys.net/vascan/taxon/2521	Rhus typhina L.	Anacardiaceae	tree
398	http://data.canadensys.net/vascan/taxon/6055	Ribes americanum Mill.	Grossulariaceae	shrub
399	http://data.canadensys.net/vascan/taxon/6065	Ribes glandulosum Grauer	Grossulariaceae	shrub
400	http://data.canadensys.net/vascan/taxon/6068	Ribes hudsonianum Richardson	Grossulariaceae Shrub	
401	http://data.canadensys.net/vascan/taxon/6072	Ribes lacustre (Pers.) Poir.	Grossulariaceae	shrub
402	http://data.canadensys.net/vascan/taxon/6080	Ribes oxyacanthoides L.	Grossulariaceae	shrub
403	http://data.canadensys.net/vascan/taxon/6087	Ribes triste Pall.	Grossulariaceae	shrub
404	http://data.canadensys.net/vascan/taxon/8887	Rosa acicularis Lindl.	Rosaceae	shrub
405	http://data.canadensys.net/vascan/taxon/8888	Rosa arkansana Porter	Rosaceae	shrub
406	http://data.canadensys.net/vascan/taxon/8889	Rosa blanda Aiton	Rosaceae	shrub
407	http://data.canadensys.net/vascan/taxon/1627	Rosa sp.	Rosaceae	shrub
408	http://data.canadensys.net/vascan/taxon/8915	Rosa virginiana Mill.	Rosaceae	shrub
409	http://data.canadensys.net/vascan/taxon/8917	Rosa woodsii Lindl.	Rosaceae	shrub
410	http://data.canadensys.net/vascan/taxon/8920	Rubus allegheniensis Porter	Rosaceae	shrub
411	http://data.canadensys.net/vascan/taxon/8928	Rubus chamaemorus L.	Rosaceae	herb
412	http://data.canadensys.net/vascan/taxon/25913	Rubus frondosus Bigelow	Rosaceae	herb
413	http://data.canadensys.net/vascan/taxon/8933	Rubus idaeus L.	Rosaceae	herb
414	http://data.canadensys.net/vascan/taxon/8934	Rubus idaeus L. ssp. strigosus (Michx.) Focke	Rosaceae	shrub
415	http://data.canadensys.net/vascan/taxon/8940	Rubus occidentalis L.	Rosaceae	herb
416	http://data.canadensys.net/vascan/taxon/27446	Rubus pubescens Raf. var. pubescens	Rosaceae	herb
417	http://data.canadensys.net/vascan/taxon/1629	Rubus sp.	Rosaceae	herb
418	http://data.canadensys.net/vascan/taxon/3391	Rudbeckia laciniata L.	Asteraceae	herb
419	http://data.canadensys.net/vascan/taxon/8203	Rumex altissimus Alph. Wood	Polygonaceae	herb
420	http://data.canadensys.net/vascan/taxon/19236	Rumex aquaticus L.	Polygonaceae	herb
421	http://data.canadensys.net/vascan/taxon/8204	Rumex arcticus Trautv.	Polygonaceae	herb
422	http://data.canadensys.net/vascan/taxon/8208	Rumex crispus L.	Polygonaceae	herb
423	http://data.canadensys.net/vascan/taxon/8215	Rumex obtusifolius L.	Polygonaceae	herb
424	http://data.canadensys.net/vascan/taxon/19211	Rumex orbiculatus A. Gray	Polygonaceae	herb
425		Rumex salicifolius Weinm. var. mexicanus (Meisn.) C.L. Hitchc.	Polygonaceae	herb
426	http://data.canadensys.net/vascan/taxon/1631	Rumex sp.	Polygonaceae	herb
427	http://data.canadensys.net/vascan/taxon/2466	Sagittaria cuneata Sheldon.	Alismataceae	herb
428	http://data.canadensys.net/vascan/taxon/2470	Sagittaria latifolia Willd.	Alismataceae	herb
429	http://data.canadensys.net/vascan/taxon/9079	Salix bebbiana Sarg.	Salicaceae	shrub
430	http://data.canadensys.net/vascan/taxon/9087	Salix candida Flueggé ex Willd.	Salicaceae	shrub
431		Salix cordata Michx.	Salicaceae	shrub
432	http://data.canadensys.net/vascan/taxon/9097	Salix discolor Muhl.	Salicaceae	shrub
433		Salix fragilis L.	Salicaceae	tree
434	http://data.canadensys.net/vascan/taxon/9124	Salix lucida Muhl.	Salicaceae	tree
435	http://data.canadensys.net/vascan/taxon/9131	Salix nigra Marsh.	Salicaceae	tree
436	http://data.canadensys.net/vascan/taxon/9137	Salix planifolia Pursh	Salicaceae	shrub
437	http://data.canadensys.net/vascan/taxon/9143	Salix pedicellaris Pursh	Salicaceae	shrub
438	http://data.canadensys.net/vascan/taxon/1639	Salix sp.	Salicaceae	tree
439	http://data.canadensys.net/vascan/taxon/26159	Sambucus nigra L. ssp. canadensis (L.) R. Bolli	Caprifoliaceae	shrub
440	http://data.canadensys.net/vascan/taxon/9880	Sambucus racemosa L.	Caprifoliaceae	tree
441	http://data.canadensys.net/vascan/taxon/7128	Sanguinaria canadensis L.	Papaveraceae	herb
442	http://data.canadensys.net/vascan/taxon/8954	Sanguisorba canadensis L.	Rosaceae	herb
443	http://data.canadensys.net/vascan/taxon/2637	Sanicula canadensis L.	Apiaceae	herb
444	http://data.canadensys.net/vascan/taxon/2642	Sanicula marilandica L.	Apiaceae	herb
445	http://data.canadensys.net/vascan/taxon/2643	Sanicula odorata (Raf.) K.M. Pryer & L.R. Phillippe	Apiaceae	herb
446	http://data.canadensys.net/vascan/taxon/9223	Sarracenia purpurea L.	Sarraceniaceae	herb
447	http://data.canadensys.net/vascan/taxon/6487	Sassafras albidum (Nutt.) Nees	Lauraceae	tree
448	http://data.canadensys.net/vascan/taxon/9224	Saururus cernuus L.	Saururaceae	herb
449	http://data.canadensys.net/vascan/taxon/5305	Schoenoplectus acutus (Muhl. ex Bigelow) A. Löve & D. Löve	Cyperaceae	herb
450	http://data.canadensys.net/vascan/taxon/5333	Scirpus microcarpus J. Presl & C. Presl	Cyperaceae	herb
451	http://data.canadensys.net/vascan/taxon/6455	Scutellaria galericulata L.	Lamiaceae	herb
452	http://data.canadensys.net/vascan/taxon/6456	Scutellaria lateriflora L.	Lamiaceae	herb
453	http://data.canadensys.net/vascan/taxon/5461	Shepherdia canadensis (L.) Nutt.	Elaeagnaceae	shrub
454	http://data.canadensys.net/vascan/taxon/14428	Silene latifolia Poir. ssp. alba (Mill.) Greuter & Burdet	Caryophyllaceae	herb
455	http://data.canadensys.net/vascan/taxon/3431	Silphium perfoliatum L.	Asteraceae	herb
456	http://data.canadensys.net/vascan/taxon/2646	Sium suave Walter	Apiaceae	herb
457	http://data.canadensys.net/vascan/taxon/9343	Smilax herbacea L.	Smilacaceae	vine
458	http://data.canadensys.net/vascan/taxon/9378	Solanum dulcamara L.	Solanaceae	herb
459		Solanum nigrum L.	Solanaceae	herb
460	http://data.canadensys.net/vascan/taxon/3437	Solidago altissima L.	Asteraceae	herb
461	http://data.canadensys.net/vascan/taxon/3445	Solidago canadensis L.	Asteraceae	herb
462	http://data.canadensys.net/vascan/taxon/3447	Solidago flexicaulis L.	Asteraceae	herb
463	http://data.canadensys.net/vascan/taxon/3451	Solidago juncea Aiton	Asteraceae	herb
464	http://data.canadensys.net/vascan/taxon/3462	Solidago multiradiata Aiton	Asteraceae	herb
465	http://data.canadensys.net/vascan/taxon/3496	Solidago speciosa Nutt. var. rigidiuscula Torr. & A. Gray	Asteraceae	herb
466	http://data.canadensys.net/vascan/taxon/8963	Sorbus americana Marsh.	Rosaceae	tree
467	http://data.canadensys.net/vascan/taxon/8965	Sorbus decora (Sarg.) C.K. Schneid.	Rosaceae	tree
468	http://data.canadensys.net/vascan/taxon/8966	Sorbus scopulina Greene	Rosaceae	shrub
469	http://data.canadensys.net/vascan/taxon/8968	Sorbus sitchensis M. Roem.	Rosaceae	shrub
470		Sphagnum capillifolium (Ehrh.) Hedw.	Sphagnaceae	moss
471		Sphagnum fuscum (Schimp.) Klinggr.	Sphagnaceae	moss
472	http://data.canadensys.net/vascan/taxon/8971	Spiraea alba Du Roi	Rosaceae	shrub
473	http://data.canadensys.net/vascan/taxon/8987	Spiraea tomentosa L.	Rosaceae	shrub
474	http://data.canadensys.net/vascan/taxon/7972	Sporobolus heterolepis (A. Gray) A. Gray	Poaceae	herb
475	http://data.canadensys.net/vascan/taxon/6469	Stachys palustris L.	Lamiaceae	herb
476	http://data.canadensys.net/vascan/taxon/4440	Stellaria media (L.) Vill.	Caryophyllaceae	herb
477		Stereocaulon paschale (L.) Hoffm.	Stereocaulaceae	lichen
478	http://data.canadensys.net/vascan/taxon/4590	Streptopus amplexifolius L. (DC.)	Liliaceae	herb
479	http://data.canadensys.net/vascan/taxon/22926	Streptopus lanceolatus (Aiton) Reveal var. roseus (Michx.) Reveal	Liliaceae	herb
480	http://data.canadensys.net/vascan/taxon/4232	Symphoricarpos albus (L.) S.F. Blake var. albus	Caprifoliaceae	shrub
481	http://data.canadensys.net/vascan/taxon/4236	Symphoricarpos occidentalis Hook.	Caprifoliaceae	shrub
482	http://data.canadensys.net/vascan/taxon/4237	Symphoricarpos orbiculatus Moench	Caprifoliaceae	shrub
483	http://data.canadensys.net/vascan/taxon/3529	Symphyotrichum ciliolatum (Lindl.) A. Löve & D. Löve	Asteraceae	herb
484	http://data.canadensys.net/vascan/taxon/3545	Symphyotrichum laeve (L.) A. Löve & D. Löve	Asteraceae	herb
485	http://data.canadensys.net/vascan/taxon/3580	Symphyotrichum puniceum (L.) A. Löve & D. Löve	Asteraceae	herb
486	http://data.canadensys.net/vascan/taxon/2681	Symplocarpus foetidus (L.) Nutt.	Araceae	herb
487	http://data.canadensys.net/vascan/taxon/3605	Tanacetum vulgare L.	Asteraceae	herb
488	http://data.canadensys.net/vascan/taxon/3615	Taraxacum officinale F.H. Wigg.	Asteraceae	herb
489	http://data.canadensys.net/vascan/taxon/9401	Taxus canadensis Marsh.	Taxaceae	shrub
490	http://data.canadensys.net/vascan/taxon/8572	Thalictrum dasycarpum Fisch. & Avé-Lall.	Ranunculaceae	herb
491	http://data.canadensys.net/vascan/taxon/2648	Thaspium barbinode (Michx.) Nutt.	Apiaceae	herb
492	http://data.canadensys.net/vascan/taxon/4711	Thuja occidentalis L.	Cupressaceae	tree
493	http://data.canadensys.net/vascan/taxon/4712	Thuja plicata Donn ex D. Don	Cupressaceae	tree
494	http://data.canadensys.net/vascan/taxon/9311	Tiarella cordifolia L.	Saxifragaceae	herb
495	http://data.canadensys.net/vascan/taxon/6640	Tilia americana L.	Tiliaceae	tree
496		Toxicodendron pubescens Mill.	Anacardiaceae	shrub
497		Trametes suaveolens (L. Ex Fries) Fries.	Polyporaceae	fungi
498	http://data.canadensys.net/vascan/taxon/25634	Trientalis borealis Raf. ssp. borealis	Primulaceae	herb
499	http://data.canadensys.net/vascan/taxon/5921	Trifolium hybridum L.	Fabaceae	herb
500	http://data.canadensys.net/vascan/taxon/5929	Trifolium pratense L.	Fabaceae	herb
501	http://data.canadensys.net/vascan/taxon/6348	Triglochin maritima L.	Juncaginaceae	herb
502	http://data.canadensys.net/vascan/taxon/6656	Trillium erectum L.	Liliaceae	herb
503	http://data.canadensys.net/vascan/taxon/6658	Trillium grandiflorum (Michx.) Salisb.	Liliaceae	herb
504	http://data.canadensys.net/vascan/taxon/6663	Trillium undulatum Willd.	Liliaceae	herb
505	http://data.canadensys.net/vascan/taxon/4243	Triosteum perfoliatum L.	Caprifoliaceae	herb
506	http://data.canadensys.net/vascan/taxon/7202	Tsuga canadensis (L.) Carrière	Pinaceae	tree
507	http://data.canadensys.net/vascan/taxon/9421	Typha angustifolia L.	Typhaceae	herb
508	http://data.canadensys.net/vascan/taxon/9422	Typha latifolia L.	Typhaceae	herb
509	http://data.canadensys.net/vascan/taxon/9424	Ulmus americana L.	Ulmaceae	tree
510	http://data.canadensys.net/vascan/taxon/9430	Ulmus rubra Muhl.	Ulmaceae	tree
511		Umbilicaria mammulata (Ach.) Tuck.	Umbilicariaceae	lichen
512		Umbilicaria muehlenbergii (Ach.) Tuck.	Umbilicariaceae	lichen
513	http://data.canadensys.net/vascan/taxon/9438	Urtica dioica L. ssp. gracilis (Aiton) Seland.	Urticaceae	herb
514	http://data.canadensys.net/vascan/taxon/9439	Urtica dioica L.	Urticaceae	herb
515		Usnea hirta (L.) F. H. Wigg.	Parmeliaceae	lichen
516		Usnea sp.	Parmeliaceae	lichen
517	http://data.canadensys.net/vascan/taxon/6506	Utricularia vulgaris L.	Lentibulariaceae	herb
518	http://data.canadensys.net/vascan/taxon/4597	Uvularia grandiflora Sm.	Liliaceae	herb
519	http://data.canadensys.net/vascan/taxon/5566	Vaccinium angustifolium Aiton	Ericaceae	shrub
520	http://data.canadensys.net/vascan/taxon/5571	Vaccinium macrocarpon Aiton	Ericaceae	shrub
521	http://data.canadensys.net/vascan/taxon/5573	Vaccinium myrtilloides Michx.	Ericaceae	shrub
522		Vaccinium oxycoccus L.	Ericaceae	shrub
523	http://data.canadensys.net/vascan/taxon/5582	Vaccinium uliginosum L.	Ericaceae	shrub
524	http://data.canadensys.net/vascan/taxon/5583	Vaccinium vitis-idaea L.	Ericaceae	shrub
525	http://data.canadensys.net/vascan/taxon/9447	Valeriana dioica L.	Valerianaceae	herb
526	http://data.canadensys.net/vascan/taxon/21480	Valeriana dioica L. var. sylvatica S. Watson	Valerianaceae	herb
527	http://data.canadensys.net/vascan/taxon/6665	Veratrum viride Aiton	Liliaceae	herb
528	http://data.canadensys.net/vascan/taxon/9330	Verbascum thapsus L.	Scrophulariaceae	herb
529	http://data.canadensys.net/vascan/taxon/9462	Verbena hastata L.	Verbenaceae	herb
530	http://data.canadensys.net/vascan/taxon/7348	Veronicastrum virginicum (L.) Farw.	Scrophulariaceae	herb
531	http://data.canadensys.net/vascan/taxon/2443	Viburnum acerifolium L.	Caprifoliaceae	shrub
532	http://data.canadensys.net/vascan/taxon/2444	Viburnum edule (Michx.) Raf.	Caprifoliaceae	shrub
533	http://data.canadensys.net/vascan/taxon/2446	Viburnum lantanoides Michx.	Caprifoliaceae	shrub
534	http://data.canadensys.net/vascan/taxon/2447	Viburnum lentago L.	Caprifoliaceae	shrub
535	http://data.canadensys.net/vascan/taxon/2451	Viburnum opulus L.	Caprifoliaceae	shrub
536		Viburnum opulus L. var. americanum Aiton	Caprifoliaceae	shrub
537		Viburnum prunifolium L.	Caprifoliaceae Shrub	
538	http://data.canadensys.net/vascan/taxon/9476	Viola bicolor Pursh	Violaceae	herb
539	http://data.canadensys.net/vascan/taxon/9482	Viola canadensis L.	Violaceae	herb
540	http://data.canadensys.net/vascan/taxon/9491	Viola labradorica Schrank	Violaceae	herb
541	http://data.canadensys.net/vascan/taxon/9512	Viola pubescens Aiton	Violaceae	herb
542	http://data.canadensys.net/vascan/taxon/1823	Vitis sp.	Vitaceae	vine
543	http://data.canadensys.net/vascan/taxon/9545	Vitis vulpina L.	Vitaceae	vine
544	http://data.canadensys.net/vascan/taxon/9041	Zanthoxylum americanum Mill.	Rutaceae	shrub
545	http://data.canadensys.net/vascan/taxon/8026	Zizania aquatica L.	Poaceae	herb
